id,name
6000000241,RIL_9(SC56*TX7000)-F10
6000000242,RIL_10(SC56*TX7000)-F10
6000000243,RIL_11(SC56*TX7000)-F10
6000000244,RIL_12(SC56*TX7000)-F10
6000000245,RIL_13(SC56*TX7000)-F10
6000000246,RIL_14(SC56*TX7000)-F10
6000000247,RIL_16(SC56*TX7000)-F10
6000000248,RIL_17(SC56*TX7000)-F10
6000000249,RIL_18(SC56*TX7000)-F10
6000000250,RIL_19(SC56*TX7000)-F10
6000000251,RIL_20(SC56*TX7000)-F10
6000000252,RIL_21(SC56*TX7000)-F10
6000000253,RIL_22(SC56*TX7000)-F10
6000000254,RIL_23(SC56*TX7000)-F10
6000000255,RIL_25(SC56*TX7000)-F10
6000000256,RIL_26(SC56*TX7000)-F10
6000000257,RIL_27(SC56*TX7000)-F10
6000000258,RIL_28(SC56*TX7000)-F10
6000000259,RIL_29(SC56*TX7000)-F10
6000000260,RIL_30(SC56*TX7000)-F10
6000000261,RIL_32(SC56*TX7000)-F10
6000000262,RIL_33(SC56*TX7000)-F10
6000000263,RIL_35(SC56*TX7000)-F10
6000000264,RIL_36(SC56*TX7000)-F10
6000000265,RIL_40(SC56*TX7000)-F10
6000000266,RIL_41(SC56*TX7000)-F10
6000000267,RIL_43(SC56*TX7000)-F10
6000000268,RIL_44(SC56*TX7000)-F10
6000000269,RIL_45(SC56*TX7000)-F10
6000000270,RIL_46(SC56*TX7000)-F10
6000000271,RIL_47(SC56*TX7000)-F10
6000000272,RIL_48(SC56*TX7000)-F10
6000000273,RIL_49(SC56*TX7000)-F10
6000000274,RIL_50(SC56*TX7000)-F10
6000000275,RIL_51(SC56*TX7000)-F10
6000000276,RIL_52(SC56*TX7000)-F10
6000000277,RIL_54(SC56*TX7000)-F10
6000000278,RIL_55(SC56*TX7000)-F10
6000000279,RIL_56(SC56*TX7000)-F10
6000000280,RIL_57(SC56*TX7000)-F10
6000000281,RIL_59(SC56*TX7000)-F10
6000000282,RIL_60(SC56*TX7000)-F10
6000000283,RIL_61(SC56*TX7000)-F10
6000000284,RIL_62(SC56*TX7000)-F10
6000000285,RIL_63(SC56*TX7000)-F10
6000000286,RIL_64(SC56*TX7000)-F10
6000000287,RIL_65(SC56*TX7000)-F10
6000000288,RIL_66(SC56*TX7000)-F10
6000000289,RIL_67(SC56*TX7000)-F10
6000000290,RIL_69(SC56*TX7000)-F10
6000000291,RIL_70(SC56*TX7000)-F10
6000000292,RIL_71(SC56*TX7000)-F10
6000000293,RIL_72(SC56*TX7000)-F10
6000000294,RIL_73(SC56*TX7000)-F10
6000000295,RIL_74(SC56*TX7000)-F10
6000000296,RIL_75(SC56*TX7000)-F10
6000000297,RIL_76(SC56*TX7000)-F10
6000000298,RIL_77(SC56*TX7000)-F10
6000000299,RIL_78(SC56*TX7000)-F10
6000000300,RIL_79(SC56*TX7000)-F10
6000000301,RIL_80(SC56*TX7000)-F10
6000000302,RIL_81(SC56*TX7000)-F10
6000000303,RIL_82(SC56*TX7000)-F10
6000000304,RIL_83(SC56*TX7000)-F10
6000000305,RIL_84(SC56*TX7000)-F10
6000000306,RIL_85(SC56*TX7000)-F10
6000000307,RIL_86(SC56*TX7000)-F10
6000000308,RIL_87(SC56*TX7000)-F10
6000000309,RIL_88(SC56*TX7000)-F10
6000000310,RIL_89(SC56*TX7000)-F10
6000000311,RIL_90(SC56*TX7000)-F10
6000000312,RIL_91(SC56*TX7000)-F10
6000000313,RIL_92(SC56*TX7000)-F10
6000000314,RIL_93(SC56*TX7000)-F10
6000000315,RIL_94(SC56*TX7000)-F10
6000000316,RIL_95(SC56*TX7000)-F10
6000000317,RIL_96(SC56*TX7000)-F10
6000000318,RIL_97(SC56*TX7000)-F10
6000000319,RIL_98(SC56*TX7000)-F10
6000000320,RIL_99(SC56*TX7000)-F10
6000000321,RIL_100(SC56*TX7000)-F10
6000000322,RIL_101(SC56*TX7000)-F10
6000000323,RIL_102(SC56*TX7000)-F10
6000000324,RIL_103(SC56*TX7000)-F10
6000000325,RIL_104(SC56*TX7000)-F10
6000000326,RIL_105(SC56*TX7000)-F10
6000000327,RIL_106(SC56*TX7000)-F10
6000000328,RIL_108(SC56*TX7000)-F10
6000000329,RIL_109(SC56*TX7000)-F10
6000000330,RIL_110(SC56*TX7000)-F10
6000000331,RIL_111(SC56*TX7000)-F10
6000000332,RIL_112(SC56*TX7000)-F10
6000000333,RIL_113(SC56*TX7000)-F10
6000000334,RIL_114(SC56*TX7000)-F10
6000000335,RIL_115(SC56*TX7000)-F10
6000000336,RIL_116(SC56*TX7000)-F10
6000000337,RIL_117(SC56*TX7000)-F10
6000000338,RIL_118(SC56*TX7000)-F10
6000000339,RIL_119(SC56*TX7000)-F10
6000000340,RIL_120(SC56*TX7000)-F10
6000000341,RIL_121(SC56*TX7000)-F10
6000000342,RIL_122(SC56*TX7000)-F10
6000000343,RIL_123(SC56*TX7000)-F10
6000000344,RIL_124(SC56*TX7000)-F10
6000000345,RIL_125(SC56*TX7000)-F10
6000000346,RIL_126(SC56*TX7000)-F10
6000000347,RIL_127(SC56*TX7000)-F10
6000000348,RIL_128(SC56*TX7000)-F10
6000000349,RIL_129(SC56*TX7000)-F10
6000000350,RIL_130(SC56*TX7000)-F10
6000000351,RIL_132(SC56*TX7000)-F10
6000000352,RIL_133(SC56*TX7000)-F10
6000000353,RIL_134(SC56*TX7000)-F10
6000000354,RIL_135(SC56*TX7000)-F10
6000000355,RIL_136(SC56*TX7000)-F10
6000000356,RIL_138(SC56*TX7000)-F10
6000000357,RIL_139(SC56*TX7000)-F10
6000000358,RIL_140(SC56*TX7000)-F10
6000000359,RIL_141(SC56*TX7000)-F10
6000000360,RIL_143(SC56*TX7000)-F10
6000000361,RIL_144(SC56*TX7000)-F10
6000000362,RIL_145(SC56*TX7000)-F10
6000000363,RIL_146(SC56*TX7000)-F10
6000000364,RIL_147(SC56*TX7000)-F10
6000000365,RIL_148(SC56*TX7000)-F10
6000000366,RIL_149(SC56*TX7000)-F10
6000000367,RIL_150(SC56*TX7000)-F10
6000000368,RIL_151(SC56*TX7000)-F10
6000000369,RIL_152(SC56*TX7000)-F10
6000000370,RIL_153(SC56*TX7000)-F10
6000000371,RIL_154(SC56*TX7000)-F10
6000000372,RIL_156(SC56*TX7000)-F10
6000000373,RIL_157(SC56*TX7000)-F10
6000000374,RIL_158(SC56*TX7000)-F10
6000000375,RIL_159(SC56*TX7000)-F10
6000000376,RIL_160(SC56*TX7000)-F10
6000000377,RIL_161(SC56*TX7000)-F10
6000000378,RIL_162(SC56*TX7000)-F10
6000000379,RIL_163(SC56*TX7000)-F10
6000000380,RIL_164(SC56*TX7000)-F10
6000000381,RIL_165(SC56*TX7000)-F10
6000000382,RIL_166(SC56*TX7000)-F10
6000000383,RIL_168(SC56*TX7000)-F10
6000000384,RIL_169(SC56*TX7000)-F10
6000000385,RIL_170(SC56*TX7000)-F10
6000000386,RIL_171(SC56*TX7000)-F10
6000000387,RIL_172(SC56*TX7000)-F10
6000000388,RIL_173(SC56*TX7000)-F10
6000000389,RIL_175(SC56*TX7000)-F10
6000000390,RIL_176(SC56*TX7000)-F10
6000000391,RIL_177(SC56*TX7000)-F10
6000000392,RIL_178(SC56*TX7000)-F10
6000000393,RIL_179(SC56*TX7000)-F10
6000000394,RIL_180(SC56*TX7000)-F10
6000000395,RIL_181(SC56*TX7000)-F10
6000000396,RIL_182(SC56*TX7000)-F10
6000000397,RIL_183(SC56*TX7000)-F10
6000000398,RIL_185(SC56*TX7000)-F10
6000000399,RIL_186(SC56*TX7000)-F10
6000000400,RIL_187(SC56*TX7000)-F10
6000000401,RIL_188(SC56*TX7000)-F10
6000000402,RIL_189(SC56*TX7000)-F10
6000000403,RIL_190(SC56*TX7000)-F10
6000000404,RIL_1(SC56*TX7000)-F10
6000000405,RIL_3(SC56*TX7000)-F10
6000000406,RIL_4(SC56*TX7000)-F10
6000000407,RIL_31(SC56*TX7000)-F10
6000000408,RIL_37(SC56*TX7000)-F10
6000000409,RIL_38(SC56*TX7000)-F10
6000000410,RIL_39(SC56*TX7000)-F10
6000000411,RIL_107(SC56*TX7000)-F10
6000000412,RIL_194(SC56*TX7000)-F10
6000000413,SC56-14SC56-14
6000000414,Ton-a-Milk
6000000415,Great Scott
6000000416,TX7000TX7000
