"name","Range","D_row","two_ROW_PLOT_NUMBER","MAC_ENTRY","West/East_subplot_Data_Row","V7","update traits","id.x","id.y"
"Great Scott",2,2,4,"173","W",NA,"",2.96439408008472e-314,6000000415
"Great Scott",2,2,5,"173","E",NA,"",2.96439408008472e-314,6000000415
"Great Scott",2,3,6,"173","W",NA,"",2.96439408008472e-314,6000000415
"Great Scott",2,3,7,"173","E",NA,"",2.96439408008472e-314,6000000415
"Great Scott",2,4,8,"173","W",NA,"",2.96439408008472e-314,6000000415
"Great Scott",2,4,9,"173","E",NA,"",2.96439408008472e-314,6000000415
"Great Scott",2,5,10,"173","W",NA,"",2.96439408008472e-314,6000000415
"Great Scott",2,5,11,"173","E",NA,"",2.96439408008472e-314,6000000415
"Great Scott",2,6,12,"173","W",NA,"",2.96439408008472e-314,6000000415
"Great Scott",2,6,13,"173","E",NA,"",2.96439408008472e-314,6000000415
"Great Scott",53,2,4,"173","W",NA,"",2.96439408008472e-314,6000000415
"Great Scott",53,2,5,"173","E",NA,"",2.96439408008472e-314,6000000415
"Great Scott",53,3,6,"173","W",NA,"",2.96439408008472e-314,6000000415
"Great Scott",53,3,7,"173","E",NA,"",2.96439408008472e-314,6000000415
"Great Scott",53,4,8,"173","W",NA,"",2.96439408008472e-314,6000000415
"Great Scott",53,4,9,"173","E",NA,"",2.96439408008472e-314,6000000415
"Great Scott",53,5,10,"173","W",NA,"",2.96439408008472e-314,6000000415
"Great Scott",53,5,11,"173","E",NA,"",2.96439408008472e-314,6000000415
"Great Scott",53,6,12,"173","W",NA,"",2.96439408008472e-314,6000000415
"Great Scott",53,6,13,"173","E",NA,"",2.96439408008472e-314,6000000415
"RIL_1(SC56*TX7000)-F10",19,6,12,"1","W",NA,"",2.96439407465e-314,6000000404
"RIL_1(SC56*TX7000)-F10",19,6,13,"1","E",NA,"",2.96439407465e-314,6000000404
"RIL_1(SC56*TX7000)-F10",49,2,4,"1","W",NA,"",2.96439407465e-314,6000000404
"RIL_1(SC56*TX7000)-F10",49,2,5,"1","E",NA,"",2.96439407465e-314,6000000404
"RIL_10(SC56*TX7000)-F10",21,6,12,"5","W",NA,"",2.96439399461137e-314,6000000242
"RIL_10(SC56*TX7000)-F10",21,6,13,"5","E",NA,"",2.96439399461137e-314,6000000242
"RIL_10(SC56*TX7000)-F10",50,6,12,"5","W",NA,"",2.96439399461137e-314,6000000242
"RIL_10(SC56*TX7000)-F10",50,6,13,"5","E",NA,"",2.96439399461137e-314,6000000242
"RIL_100(SC56*TX7000)-F10",18,6,12,"88","W",NA,"",2.96439403364255e-314,6000000321
"RIL_100(SC56*TX7000)-F10",18,6,13,"88","E",NA,"",2.96439403364255e-314,6000000321
"RIL_100(SC56*TX7000)-F10",48,3,6,"88","W",NA,"",2.96439403364255e-314,6000000321
"RIL_100(SC56*TX7000)-F10",48,3,7,"88","E",NA,"",2.96439403364255e-314,6000000321
"RIL_101(SC56*TX7000)-F10",8,7,14,"89","W",NA,"",2.96439403413662e-314,6000000322
"RIL_101(SC56*TX7000)-F10",8,7,15,"89","E",NA,"",2.96439403413662e-314,6000000322
"RIL_101(SC56*TX7000)-F10",35,4,8,"89","W",NA,"",2.96439403413662e-314,6000000322
"RIL_101(SC56*TX7000)-F10",35,4,9,"89","E",NA,"",2.96439403413662e-314,6000000322
"RIL_102(SC56*TX7000)-F10",10,7,14,"90","W",NA,"",2.96439403463068e-314,6000000323
"RIL_102(SC56*TX7000)-F10",10,7,15,"90","E",NA,"",2.96439403463068e-314,6000000323
"RIL_102(SC56*TX7000)-F10",50,4,8,"90","W",NA,"",2.96439403463068e-314,6000000323
"RIL_102(SC56*TX7000)-F10",50,4,9,"90","E",NA,"",2.96439403463068e-314,6000000323
"RIL_103(SC56*TX7000)-F10",10,3,6,"91","W",NA,"",2.96439403512475e-314,6000000324
"RIL_103(SC56*TX7000)-F10",10,3,7,"91","E",NA,"",2.96439403512475e-314,6000000324
"RIL_103(SC56*TX7000)-F10",35,1,2,"91","W",NA,"",2.96439403512475e-314,6000000324
"RIL_103(SC56*TX7000)-F10",35,1,3,"91","E",NA,"",2.96439403512475e-314,6000000324
"RIL_104(SC56*TX7000)-F10",6,1,2,"92","W",NA,"",2.96439403561881e-314,6000000325
"RIL_104(SC56*TX7000)-F10",6,1,3,"92","E",NA,"",2.96439403561881e-314,6000000325
"RIL_104(SC56*TX7000)-F10",51,5,10,"92","W",NA,"",2.96439403561881e-314,6000000325
"RIL_104(SC56*TX7000)-F10",51,5,11,"92","E",NA,"",2.96439403561881e-314,6000000325
"RIL_105(SC56*TX7000)-F10",23,1,2,"93","W",NA,"",2.96439403611288e-314,6000000326
"RIL_105(SC56*TX7000)-F10",23,1,3,"93","E",NA,"",2.96439403611288e-314,6000000326
"RIL_105(SC56*TX7000)-F10",28,7,14,"93","W",NA,"",2.96439403611288e-314,6000000326
"RIL_105(SC56*TX7000)-F10",28,7,15,"93","E",NA,"",2.96439403611288e-314,6000000326
"RIL_106(SC56*TX7000)-F10",12,5,10,"94","W",NA,"",2.96439403660695e-314,6000000327
"RIL_106(SC56*TX7000)-F10",12,5,11,"94","E",NA,"",2.96439403660695e-314,6000000327
"RIL_106(SC56*TX7000)-F10",29,6,12,"94","W",NA,"",2.96439403660695e-314,6000000327
"RIL_106(SC56*TX7000)-F10",29,6,13,"94","E",NA,"",2.96439403660695e-314,6000000327
"RIL_107(SC56*TX7000)-F10",11,4,8,"95","W",NA,"",2.96439407810846e-314,6000000411
"RIL_107(SC56*TX7000)-F10",11,4,9,"95","E",NA,"",2.96439407810846e-314,6000000411
"RIL_107(SC56*TX7000)-F10",29,1,2,"95","W",NA,"",2.96439407810846e-314,6000000411
"RIL_107(SC56*TX7000)-F10",29,1,3,"95","E",NA,"",2.96439407810846e-314,6000000411
"RIL_108(SC56*TX7000)-F10",8,2,4,"96","W",NA,"",2.96439403710101e-314,6000000328
"RIL_108(SC56*TX7000)-F10",8,2,5,"96","E",NA,"",2.96439403710101e-314,6000000328
"RIL_108(SC56*TX7000)-F10",33,5,10,"96","W",NA,"",2.96439403710101e-314,6000000328
"RIL_108(SC56*TX7000)-F10",33,5,11,"96","E",NA,"",2.96439403710101e-314,6000000328
"RIL_109(SC56*TX7000)-F10",26,5,10,"97","W",NA,"",2.96439403759508e-314,6000000329
"RIL_109(SC56*TX7000)-F10",26,5,11,"97","E",NA,"",2.96439403759508e-314,6000000329
"RIL_109(SC56*TX7000)-F10",41,5,10,"97","W",NA,"",2.96439403759508e-314,6000000329
"RIL_109(SC56*TX7000)-F10",41,5,11,"97","E",NA,"",2.96439403759508e-314,6000000329
"RIL_11(SC56*TX7000)-F10",6,4,8,"6","W",NA,"",2.96439399510543e-314,6000000243
"RIL_11(SC56*TX7000)-F10",6,4,9,"6","E",NA,"",2.96439399510543e-314,6000000243
"RIL_11(SC56*TX7000)-F10",30,3,6,"6","W",NA,"",2.96439399510543e-314,6000000243
"RIL_11(SC56*TX7000)-F10",30,3,7,"6","E",NA,"",2.96439399510543e-314,6000000243
"RIL_110(SC56*TX7000)-F10",9,4,8,"98","W",NA,"",2.96439403808914e-314,6000000330
"RIL_110(SC56*TX7000)-F10",9,4,9,"98","E",NA,"",2.96439403808914e-314,6000000330
"RIL_110(SC56*TX7000)-F10",51,7,14,"98","W",NA,"",2.96439403808914e-314,6000000330
"RIL_110(SC56*TX7000)-F10",51,7,15,"98","E",NA,"",2.96439403808914e-314,6000000330
"RIL_111(SC56*TX7000)-F10",27,3,6,"99","W",NA,"",2.96439403858321e-314,6000000331
"RIL_111(SC56*TX7000)-F10",27,3,7,"99","E",NA,"",2.96439403858321e-314,6000000331
"RIL_111(SC56*TX7000)-F10",38,7,14,"99","W",NA,"",2.96439403858321e-314,6000000331
"RIL_111(SC56*TX7000)-F10",38,7,15,"99","E",NA,"",2.96439403858321e-314,6000000331
"RIL_112(SC56*TX7000)-F10",19,2,4,"100","W",NA,"",2.96439403907727e-314,6000000332
"RIL_112(SC56*TX7000)-F10",19,2,5,"100","E",NA,"",2.96439403907727e-314,6000000332
"RIL_112(SC56*TX7000)-F10",30,2,4,"100","W",NA,"",2.96439403907727e-314,6000000332
"RIL_112(SC56*TX7000)-F10",30,2,5,"100","E",NA,"",2.96439403907727e-314,6000000332
"RIL_113(SC56*TX7000)-F10",4,4,8,"101","W",NA,"",2.96439403957134e-314,6000000333
"RIL_113(SC56*TX7000)-F10",4,4,9,"101","E",NA,"",2.96439403957134e-314,6000000333
"RIL_113(SC56*TX7000)-F10",31,2,4,"101","W",NA,"",2.96439403957134e-314,6000000333
"RIL_113(SC56*TX7000)-F10",31,2,5,"101","E",NA,"",2.96439403957134e-314,6000000333
"RIL_114(SC56*TX7000)-F10",4,7,14,"102","W",NA,"",2.9643940400654e-314,6000000334
"RIL_114(SC56*TX7000)-F10",4,7,15,"102","E",NA,"",2.9643940400654e-314,6000000334
"RIL_114(SC56*TX7000)-F10",34,5,10,"102","W",NA,"",2.9643940400654e-314,6000000334
"RIL_114(SC56*TX7000)-F10",34,5,11,"102","E",NA,"",2.9643940400654e-314,6000000334
"RIL_115(SC56*TX7000)-F10",9,3,6,"103","W",NA,"",2.96439404055947e-314,6000000335
"RIL_115(SC56*TX7000)-F10",9,3,7,"103","E",NA,"",2.96439404055947e-314,6000000335
"RIL_115(SC56*TX7000)-F10",43,2,4,"103","W",NA,"",2.96439404055947e-314,6000000335
"RIL_115(SC56*TX7000)-F10",43,2,5,"103","E",NA,"",2.96439404055947e-314,6000000335
"RIL_116(SC56*TX7000)-F10",7,4,8,"104","W",NA,"",2.96439404105354e-314,6000000336
"RIL_116(SC56*TX7000)-F10",7,4,9,"104","E",NA,"",2.96439404105354e-314,6000000336
"RIL_116(SC56*TX7000)-F10",45,1,2,"104","W",NA,"",2.96439404105354e-314,6000000336
"RIL_116(SC56*TX7000)-F10",45,1,3,"104","E",NA,"",2.96439404105354e-314,6000000336
"RIL_117(SC56*TX7000)-F10",10,2,4,"105","W",NA,"",2.9643940415476e-314,6000000337
"RIL_117(SC56*TX7000)-F10",10,2,5,"105","E",NA,"",2.9643940415476e-314,6000000337
"RIL_117(SC56*TX7000)-F10",30,5,10,"105","W",NA,"",2.9643940415476e-314,6000000337
"RIL_117(SC56*TX7000)-F10",30,5,11,"105","E",NA,"",2.9643940415476e-314,6000000337
"RIL_118(SC56*TX7000)-F10",16,1,2,"106","W",NA,"",2.96439404204167e-314,6000000338
"RIL_118(SC56*TX7000)-F10",16,1,3,"106","E",NA,"",2.96439404204167e-314,6000000338
"RIL_118(SC56*TX7000)-F10",39,1,2,"106","W",NA,"",2.96439404204167e-314,6000000338
"RIL_118(SC56*TX7000)-F10",39,1,3,"106","E",NA,"",2.96439404204167e-314,6000000338
"RIL_119(SC56*TX7000)-F10",20,5,10,"107","W",NA,"",2.96439404253573e-314,6000000339
"RIL_119(SC56*TX7000)-F10",20,5,11,"107","E",NA,"",2.96439404253573e-314,6000000339
"RIL_119(SC56*TX7000)-F10",49,6,12,"107","W",NA,"",2.96439404253573e-314,6000000339
"RIL_119(SC56*TX7000)-F10",49,6,13,"107","E",NA,"",2.96439404253573e-314,6000000339
"RIL_12(SC56*TX7000)-F10",13,2,4,"7","W",NA,"",2.9643939955995e-314,6000000244
"RIL_12(SC56*TX7000)-F10",13,2,5,"7","E",NA,"",2.9643939955995e-314,6000000244
"RIL_12(SC56*TX7000)-F10",47,1,2,"7","W",NA,"",2.9643939955995e-314,6000000244
"RIL_12(SC56*TX7000)-F10",47,1,3,"7","E",NA,"",2.9643939955995e-314,6000000244
"RIL_120(SC56*TX7000)-F10",12,1,2,"108","W",NA,"",2.9643940430298e-314,6000000340
"RIL_120(SC56*TX7000)-F10",12,1,3,"108","E",NA,"",2.9643940430298e-314,6000000340
"RIL_120(SC56*TX7000)-F10",28,5,10,"108","W",NA,"",2.9643940430298e-314,6000000340
"RIL_120(SC56*TX7000)-F10",28,5,11,"108","E",NA,"",2.9643940430298e-314,6000000340
"RIL_121(SC56*TX7000)-F10",22,7,14,"109","W",NA,"",2.96439404352386e-314,6000000341
"RIL_121(SC56*TX7000)-F10",22,7,15,"109","E",NA,"",2.96439404352386e-314,6000000341
"RIL_121(SC56*TX7000)-F10",34,4,8,"109","W",NA,"",2.96439404352386e-314,6000000341
"RIL_121(SC56*TX7000)-F10",34,4,9,"109","E",NA,"",2.96439404352386e-314,6000000341
"RIL_122(SC56*TX7000)-F10",15,6,12,"110","W",NA,"",2.96439404401793e-314,6000000342
"RIL_122(SC56*TX7000)-F10",15,6,13,"110","E",NA,"",2.96439404401793e-314,6000000342
"RIL_122(SC56*TX7000)-F10",34,2,4,"110","W",NA,"",2.96439404401793e-314,6000000342
"RIL_122(SC56*TX7000)-F10",34,2,5,"110","E",NA,"",2.96439404401793e-314,6000000342
"RIL_123(SC56*TX7000)-F10",24,4,8,"111","W",NA,"",2.964394044512e-314,6000000343
"RIL_123(SC56*TX7000)-F10",24,4,9,"111","E",NA,"",2.964394044512e-314,6000000343
"RIL_123(SC56*TX7000)-F10",37,7,14,"111","W",NA,"",2.964394044512e-314,6000000343
"RIL_123(SC56*TX7000)-F10",37,7,15,"111","E",NA,"",2.964394044512e-314,6000000343
"RIL_124(SC56*TX7000)-F10",19,3,6,"112","W",NA,"",2.96439404500606e-314,6000000344
"RIL_124(SC56*TX7000)-F10",19,3,7,"112","E",NA,"",2.96439404500606e-314,6000000344
"RIL_124(SC56*TX7000)-F10",44,7,14,"112","W",NA,"",2.96439404500606e-314,6000000344
"RIL_124(SC56*TX7000)-F10",44,7,15,"112","E",NA,"",2.96439404500606e-314,6000000344
"RIL_125(SC56*TX7000)-F10",8,6,12,"113","W",NA,"",2.96439404550013e-314,6000000345
"RIL_125(SC56*TX7000)-F10",8,6,13,"113","E",NA,"",2.96439404550013e-314,6000000345
"RIL_125(SC56*TX7000)-F10",36,2,4,"113","W",NA,"",2.96439404550013e-314,6000000345
"RIL_125(SC56*TX7000)-F10",36,2,5,"113","E",NA,"",2.96439404550013e-314,6000000345
"RIL_126(SC56*TX7000)-F10",25,6,12,"114","W",NA,"",2.96439404599419e-314,6000000346
"RIL_126(SC56*TX7000)-F10",25,6,13,"114","E",NA,"",2.96439404599419e-314,6000000346
"RIL_126(SC56*TX7000)-F10",34,7,14,"114","W",NA,"",2.96439404599419e-314,6000000346
"RIL_126(SC56*TX7000)-F10",34,7,15,"114","E",NA,"",2.96439404599419e-314,6000000346
"RIL_127(SC56*TX7000)-F10",13,7,14,"115","W",NA,"",2.96439404648826e-314,6000000347
"RIL_127(SC56*TX7000)-F10",13,7,15,"115","E",NA,"",2.96439404648826e-314,6000000347
"RIL_127(SC56*TX7000)-F10",42,1,2,"115","W",NA,"",2.96439404648826e-314,6000000347
"RIL_127(SC56*TX7000)-F10",42,1,3,"115","E",NA,"",2.96439404648826e-314,6000000347
"RIL_128(SC56*TX7000)-F10",21,7,14,"116","W",NA,"",2.96439404698232e-314,6000000348
"RIL_128(SC56*TX7000)-F10",21,7,15,"116","E",NA,"",2.96439404698232e-314,6000000348
"RIL_128(SC56*TX7000)-F10",49,5,10,"116","W",NA,"",2.96439404698232e-314,6000000348
"RIL_128(SC56*TX7000)-F10",49,5,11,"116","E",NA,"",2.96439404698232e-314,6000000348
"RIL_129(SC56*TX7000)-F10",4,3,6,"117","W",NA,"",2.96439404747639e-314,6000000349
"RIL_129(SC56*TX7000)-F10",4,3,7,"117","E",NA,"",2.96439404747639e-314,6000000349
"RIL_129(SC56*TX7000)-F10",30,4,8,"117","W",NA,"",2.96439404747639e-314,6000000349
"RIL_129(SC56*TX7000)-F10",30,4,9,"117","E",NA,"",2.96439404747639e-314,6000000349
"RIL_13(SC56*TX7000)-F10",18,1,2,"8","W",NA,"",2.96439399609356e-314,6000000245
"RIL_13(SC56*TX7000)-F10",18,1,3,"8","E",NA,"",2.96439399609356e-314,6000000245
"RIL_13(SC56*TX7000)-F10",39,4,8,"8","W",NA,"",2.96439399609356e-314,6000000245
"RIL_13(SC56*TX7000)-F10",39,4,9,"8","E",NA,"",2.96439399609356e-314,6000000245
"RIL_130(SC56*TX7000)-F10",24,2,4,"118","W",NA,"",2.96439404797046e-314,6000000350
"RIL_130(SC56*TX7000)-F10",24,2,5,"118","E",NA,"",2.96439404797046e-314,6000000350
"RIL_130(SC56*TX7000)-F10",47,7,14,"118","W",NA,"",2.96439404797046e-314,6000000350
"RIL_130(SC56*TX7000)-F10",47,7,15,"118","E",NA,"",2.96439404797046e-314,6000000350
"RIL_132(SC56*TX7000)-F10",15,1,2,"120","W",NA,"",2.96439404846452e-314,6000000351
"RIL_132(SC56*TX7000)-F10",15,1,3,"120","E",NA,"",2.96439404846452e-314,6000000351
"RIL_132(SC56*TX7000)-F10",29,2,4,"120","W",NA,"",2.96439404846452e-314,6000000351
"RIL_132(SC56*TX7000)-F10",29,2,5,"120","E",NA,"",2.96439404846452e-314,6000000351
"RIL_133(SC56*TX7000)-F10",6,6,12,"121","W",NA,"",2.96439404895859e-314,6000000352
"RIL_133(SC56*TX7000)-F10",6,6,13,"121","E",NA,"",2.96439404895859e-314,6000000352
"RIL_133(SC56*TX7000)-F10",44,4,8,"121","W",NA,"",2.96439404895859e-314,6000000352
"RIL_133(SC56*TX7000)-F10",44,4,9,"121","E",NA,"",2.96439404895859e-314,6000000352
"RIL_134(SC56*TX7000)-F10",22,6,12,"122","W",NA,"",2.96439404945265e-314,6000000353
"RIL_134(SC56*TX7000)-F10",22,6,13,"122","E",NA,"",2.96439404945265e-314,6000000353
"RIL_134(SC56*TX7000)-F10",38,3,6,"122","W",NA,"",2.96439404945265e-314,6000000353
"RIL_134(SC56*TX7000)-F10",38,3,7,"122","E",NA,"",2.96439404945265e-314,6000000353
"RIL_135(SC56*TX7000)-F10",13,6,12,"123","W",NA,"",2.96439404994672e-314,6000000354
"RIL_135(SC56*TX7000)-F10",13,6,13,"123","E",NA,"",2.96439404994672e-314,6000000354
"RIL_135(SC56*TX7000)-F10",52,4,8,"123","W",NA,"",2.96439404994672e-314,6000000354
"RIL_135(SC56*TX7000)-F10",52,4,9,"123","E",NA,"",2.96439404994672e-314,6000000354
"RIL_136(SC56*TX7000)-F10",15,7,14,"124","W",NA,"",2.96439405044078e-314,6000000355
"RIL_136(SC56*TX7000)-F10",15,7,15,"124","E",NA,"",2.96439405044078e-314,6000000355
"RIL_136(SC56*TX7000)-F10",37,5,10,"124","W",NA,"",2.96439405044078e-314,6000000355
"RIL_136(SC56*TX7000)-F10",37,5,11,"124","E",NA,"",2.96439405044078e-314,6000000355
"RIL_138(SC56*TX7000)-F10",3,4,8,"125","W",NA,"",2.96439405093485e-314,6000000356
"RIL_138(SC56*TX7000)-F10",3,4,9,"125","E",NA,"",2.96439405093485e-314,6000000356
"RIL_138(SC56*TX7000)-F10",43,4,8,"125","W",NA,"",2.96439405093485e-314,6000000356
"RIL_138(SC56*TX7000)-F10",43,4,9,"125","E",NA,"",2.96439405093485e-314,6000000356
"RIL_139(SC56*TX7000)-F10",20,4,8,"126","W",NA,"",2.96439405142891e-314,6000000357
"RIL_139(SC56*TX7000)-F10",20,4,9,"126","E",NA,"",2.96439405142891e-314,6000000357
"RIL_139(SC56*TX7000)-F10",36,5,10,"126","W",NA,"",2.96439405142891e-314,6000000357
"RIL_139(SC56*TX7000)-F10",36,5,11,"126","E",NA,"",2.96439405142891e-314,6000000357
"RIL_14(SC56*TX7000)-F10",18,2,4,"9","W",NA,"",2.96439399658763e-314,6000000246
"RIL_14(SC56*TX7000)-F10",18,2,5,"9","E",NA,"",2.96439399658763e-314,6000000246
"RIL_14(SC56*TX7000)-F10",31,5,10,"9","W",NA,"",2.96439399658763e-314,6000000246
"RIL_14(SC56*TX7000)-F10",31,5,11,"9","E",NA,"",2.96439399658763e-314,6000000246
"RIL_140(SC56*TX7000)-F10",10,4,8,"127","W",NA,"",2.96439405192298e-314,6000000358
"RIL_140(SC56*TX7000)-F10",10,4,9,"127","E",NA,"",2.96439405192298e-314,6000000358
"RIL_140(SC56*TX7000)-F10",37,3,6,"127","W",NA,"",2.96439405192298e-314,6000000358
"RIL_140(SC56*TX7000)-F10",37,3,7,"127","E",NA,"",2.96439405192298e-314,6000000358
"RIL_141(SC56*TX7000)-F10",21,5,10,"128","W",NA,"",2.96439405241705e-314,6000000359
"RIL_141(SC56*TX7000)-F10",21,5,11,"128","E",NA,"",2.96439405241705e-314,6000000359
"RIL_141(SC56*TX7000)-F10",29,4,8,"128","W",NA,"",2.96439405241705e-314,6000000359
"RIL_141(SC56*TX7000)-F10",29,4,9,"128","E",NA,"",2.96439405241705e-314,6000000359
"RIL_143(SC56*TX7000)-F10",16,3,6,"129","W",NA,"",2.96439405291111e-314,6000000360
"RIL_143(SC56*TX7000)-F10",16,3,7,"129","E",NA,"",2.96439405291111e-314,6000000360
"RIL_143(SC56*TX7000)-F10",47,5,10,"129","W",NA,"",2.96439405291111e-314,6000000360
"RIL_143(SC56*TX7000)-F10",47,5,11,"129","E",NA,"",2.96439405291111e-314,6000000360
"RIL_144(SC56*TX7000)-F10",18,7,14,"130","W",NA,"",2.96439405340518e-314,6000000361
"RIL_144(SC56*TX7000)-F10",18,7,15,"130","E",NA,"",2.96439405340518e-314,6000000361
"RIL_144(SC56*TX7000)-F10",49,7,14,"130","W",NA,"",2.96439405340518e-314,6000000361
"RIL_144(SC56*TX7000)-F10",49,7,15,"130","E",NA,"",2.96439405340518e-314,6000000361
"RIL_145(SC56*TX7000)-F10",23,7,14,"131","W",NA,"",2.96439405389924e-314,6000000362
"RIL_145(SC56*TX7000)-F10",23,7,15,"131","E",NA,"",2.96439405389924e-314,6000000362
"RIL_145(SC56*TX7000)-F10",40,1,2,"131","W",NA,"",2.96439405389924e-314,6000000362
"RIL_145(SC56*TX7000)-F10",40,1,3,"131","E",NA,"",2.96439405389924e-314,6000000362
"RIL_146(SC56*TX7000)-F10",24,5,10,"132","W",NA,"",2.96439405439331e-314,6000000363
"RIL_146(SC56*TX7000)-F10",24,5,11,"132","E",NA,"",2.96439405439331e-314,6000000363
"RIL_146(SC56*TX7000)-F10",49,4,8,"132","W",NA,"",2.96439405439331e-314,6000000363
"RIL_146(SC56*TX7000)-F10",49,4,9,"132","E",NA,"",2.96439405439331e-314,6000000363
"RIL_147(SC56*TX7000)-F10",16,7,14,"133","W",NA,"",2.96439405488737e-314,6000000364
"RIL_147(SC56*TX7000)-F10",16,7,15,"133","E",NA,"",2.96439405488737e-314,6000000364
"RIL_147(SC56*TX7000)-F10",46,3,6,"133","W",NA,"",2.96439405488737e-314,6000000364
"RIL_147(SC56*TX7000)-F10",46,3,7,"133","E",NA,"",2.96439405488737e-314,6000000364
"RIL_148(SC56*TX7000)-F10",24,6,12,"134","W",NA,"",2.96439405538144e-314,6000000365
"RIL_148(SC56*TX7000)-F10",24,6,13,"134","E",NA,"",2.96439405538144e-314,6000000365
"RIL_148(SC56*TX7000)-F10",52,5,10,"134","W",NA,"",2.96439405538144e-314,6000000365
"RIL_148(SC56*TX7000)-F10",52,5,11,"134","E",NA,"",2.96439405538144e-314,6000000365
"RIL_149(SC56*TX7000)-F10",14,3,6,"135","W",NA,"",2.96439405587551e-314,6000000366
"RIL_149(SC56*TX7000)-F10",14,3,7,"135","E",NA,"",2.96439405587551e-314,6000000366
"RIL_149(SC56*TX7000)-F10",39,2,4,"135","W",NA,"",2.96439405587551e-314,6000000366
"RIL_149(SC56*TX7000)-F10",39,2,5,"135","E",NA,"",2.96439405587551e-314,6000000366
"RIL_150(SC56*TX7000)-F10",3,2,4,"136","W",NA,"",2.96439405636957e-314,6000000367
"RIL_150(SC56*TX7000)-F10",3,2,5,"136","E",NA,"",2.96439405636957e-314,6000000367
"RIL_150(SC56*TX7000)-F10",36,4,8,"136","W",NA,"",2.96439405636957e-314,6000000367
"RIL_150(SC56*TX7000)-F10",36,4,9,"136","E",NA,"",2.96439405636957e-314,6000000367
"RIL_151(SC56*TX7000)-F10",6,2,4,"137","W",NA,"",2.96439405686364e-314,6000000368
"RIL_151(SC56*TX7000)-F10",6,2,5,"137","E",NA,"",2.96439405686364e-314,6000000368
"RIL_151(SC56*TX7000)-F10",41,4,8,"137","W",NA,"",2.96439405686364e-314,6000000368
"RIL_151(SC56*TX7000)-F10",41,4,9,"137","E",NA,"",2.96439405686364e-314,6000000368
"RIL_152(SC56*TX7000)-F10",5,2,4,"138","W",NA,"",2.9643940573577e-314,6000000369
"RIL_152(SC56*TX7000)-F10",5,2,5,"138","E",NA,"",2.9643940573577e-314,6000000369
"RIL_152(SC56*TX7000)-F10",42,2,4,"138","W",NA,"",2.9643940573577e-314,6000000369
"RIL_152(SC56*TX7000)-F10",42,2,5,"138","E",NA,"",2.9643940573577e-314,6000000369
"RIL_153(SC56*TX7000)-F10",17,1,2,"139","W",NA,"",2.96439405785177e-314,6000000370
"RIL_153(SC56*TX7000)-F10",17,1,3,"139","E",NA,"",2.96439405785177e-314,6000000370
"RIL_153(SC56*TX7000)-F10",46,7,14,"139","W",NA,"",2.96439405785177e-314,6000000370
"RIL_153(SC56*TX7000)-F10",46,7,15,"139","E",NA,"",2.96439405785177e-314,6000000370
"RIL_154(SC56*TX7000)-F10",16,2,4,"140","W",NA,"",2.96439405834583e-314,6000000371
"RIL_154(SC56*TX7000)-F10",16,2,5,"140","E",NA,"",2.96439405834583e-314,6000000371
"RIL_154(SC56*TX7000)-F10",41,3,6,"140","W",NA,"",2.96439405834583e-314,6000000371
"RIL_154(SC56*TX7000)-F10",41,3,7,"140","E",NA,"",2.96439405834583e-314,6000000371
"RIL_156(SC56*TX7000)-F10",9,1,2,"141","W",NA,"",2.9643940588399e-314,6000000372
"RIL_156(SC56*TX7000)-F10",9,1,3,"141","E",NA,"",2.9643940588399e-314,6000000372
"RIL_156(SC56*TX7000)-F10",32,1,2,"141","W",NA,"",2.9643940588399e-314,6000000372
"RIL_156(SC56*TX7000)-F10",32,1,3,"141","E",NA,"",2.9643940588399e-314,6000000372
"RIL_157(SC56*TX7000)-F10",20,2,4,"142","W",NA,"",2.96439405933397e-314,6000000373
"RIL_157(SC56*TX7000)-F10",20,2,5,"142","E",NA,"",2.96439405933397e-314,6000000373
"RIL_157(SC56*TX7000)-F10",47,4,8,"142","W",NA,"",2.96439405933397e-314,6000000373
"RIL_157(SC56*TX7000)-F10",47,4,9,"142","E",NA,"",2.96439405933397e-314,6000000373
"RIL_158(SC56*TX7000)-F10",25,5,10,"143","W",NA,"",2.96439405982803e-314,6000000374
"RIL_158(SC56*TX7000)-F10",25,5,11,"143","E",NA,"",2.96439405982803e-314,6000000374
"RIL_158(SC56*TX7000)-F10",33,6,12,"143","W",NA,"",2.96439405982803e-314,6000000374
"RIL_158(SC56*TX7000)-F10",33,6,13,"143","E",NA,"",2.96439405982803e-314,6000000374
"RIL_159(SC56*TX7000)-F10",26,7,14,"144","W",NA,"",2.9643940603221e-314,6000000375
"RIL_159(SC56*TX7000)-F10",26,7,15,"144","E",NA,"",2.9643940603221e-314,6000000375
"RIL_159(SC56*TX7000)-F10",37,2,4,"144","W",NA,"",2.9643940603221e-314,6000000375
"RIL_159(SC56*TX7000)-F10",37,2,5,"144","E",NA,"",2.9643940603221e-314,6000000375
"RIL_16(SC56*TX7000)-F10",22,2,4,"10","W",NA,"",2.96439399708169e-314,6000000247
"RIL_16(SC56*TX7000)-F10",22,2,5,"10","E",NA,"",2.96439399708169e-314,6000000247
"RIL_16(SC56*TX7000)-F10",49,3,6,"10","W",NA,"",2.96439399708169e-314,6000000247
"RIL_16(SC56*TX7000)-F10",49,3,7,"10","E",NA,"",2.96439399708169e-314,6000000247
"RIL_160(SC56*TX7000)-F10",13,4,8,"145","W",NA,"",2.96439406081616e-314,6000000376
"RIL_160(SC56*TX7000)-F10",13,4,9,"145","E",NA,"",2.96439406081616e-314,6000000376
"RIL_160(SC56*TX7000)-F10",36,7,14,"145","W",NA,"",2.96439406081616e-314,6000000376
"RIL_160(SC56*TX7000)-F10",36,7,15,"145","E",NA,"",2.96439406081616e-314,6000000376
"RIL_161(SC56*TX7000)-F10",9,6,12,"146","W",NA,"",2.96439406131023e-314,6000000377
"RIL_161(SC56*TX7000)-F10",9,6,13,"146","E",NA,"",2.96439406131023e-314,6000000377
"RIL_161(SC56*TX7000)-F10",38,1,2,"146","W",NA,"",2.96439406131023e-314,6000000377
"RIL_161(SC56*TX7000)-F10",38,1,3,"146","E",NA,"",2.96439406131023e-314,6000000377
"RIL_162(SC56*TX7000)-F10",25,2,4,"147","W",NA,"",2.96439406180429e-314,6000000378
"RIL_162(SC56*TX7000)-F10",25,2,5,"147","E",NA,"",2.96439406180429e-314,6000000378
"RIL_162(SC56*TX7000)-F10",42,4,8,"147","W",NA,"",2.96439406180429e-314,6000000378
"RIL_162(SC56*TX7000)-F10",42,4,9,"147","E",NA,"",2.96439406180429e-314,6000000378
"RIL_163(SC56*TX7000)-F10",15,2,4,"148","W",NA,"",2.96439406229836e-314,6000000379
"RIL_163(SC56*TX7000)-F10",15,2,5,"148","E",NA,"",2.96439406229836e-314,6000000379
"RIL_163(SC56*TX7000)-F10",35,6,12,"148","W",NA,"",2.96439406229836e-314,6000000379
"RIL_163(SC56*TX7000)-F10",35,6,13,"148","E",NA,"",2.96439406229836e-314,6000000379
"RIL_164(SC56*TX7000)-F10",18,4,8,"149","W",NA,"",2.96439406279242e-314,6000000380
"RIL_164(SC56*TX7000)-F10",18,4,9,"149","E",NA,"",2.96439406279242e-314,6000000380
"RIL_164(SC56*TX7000)-F10",42,3,6,"149","W",NA,"",2.96439406279242e-314,6000000380
"RIL_164(SC56*TX7000)-F10",42,3,7,"149","E",NA,"",2.96439406279242e-314,6000000380
"RIL_165(SC56*TX7000)-F10",19,4,8,"150","W",NA,"",2.96439406328649e-314,6000000381
"RIL_165(SC56*TX7000)-F10",19,4,9,"150","E",NA,"",2.96439406328649e-314,6000000381
"RIL_165(SC56*TX7000)-F10",40,5,10,"150","W",NA,"",2.96439406328649e-314,6000000381
"RIL_165(SC56*TX7000)-F10",40,5,11,"150","E",NA,"",2.96439406328649e-314,6000000381
"RIL_166(SC56*TX7000)-F10",15,3,6,"151","W",NA,"",2.96439406378056e-314,6000000382
"RIL_166(SC56*TX7000)-F10",15,3,7,"151","E",NA,"",2.96439406378056e-314,6000000382
"RIL_166(SC56*TX7000)-F10",44,6,12,"151","W",NA,"",2.96439406378056e-314,6000000382
"RIL_166(SC56*TX7000)-F10",44,6,13,"151","E",NA,"",2.96439406378056e-314,6000000382
"RIL_168(SC56*TX7000)-F10",18,5,10,"152","W",NA,"",2.96439406427462e-314,6000000383
"RIL_168(SC56*TX7000)-F10",18,5,11,"152","E",NA,"",2.96439406427462e-314,6000000383
"RIL_168(SC56*TX7000)-F10",50,5,10,"152","W",NA,"",2.96439406427462e-314,6000000383
"RIL_168(SC56*TX7000)-F10",50,5,11,"152","E",NA,"",2.96439406427462e-314,6000000383
"RIL_169(SC56*TX7000)-F10",3,5,10,"153","W",NA,"",2.96439406476869e-314,6000000384
"RIL_169(SC56*TX7000)-F10",3,5,11,"153","E",NA,"",2.96439406476869e-314,6000000384
"RIL_169(SC56*TX7000)-F10",50,1,2,"153","W",NA,"",2.96439406476869e-314,6000000384
"RIL_169(SC56*TX7000)-F10",50,1,3,"153","E",NA,"",2.96439406476869e-314,6000000384
"RIL_17(SC56*TX7000)-F10",17,2,4,"11","W",NA,"",2.96439399757576e-314,6000000248
"RIL_17(SC56*TX7000)-F10",17,2,5,"11","E",NA,"",2.96439399757576e-314,6000000248
"RIL_17(SC56*TX7000)-F10",35,7,14,"11","W",NA,"",2.96439399757576e-314,6000000248
"RIL_17(SC56*TX7000)-F10",35,7,15,"11","E",NA,"",2.96439399757576e-314,6000000248
"RIL_170(SC56*TX7000)-F10",12,6,12,"154","W",NA,"",2.96439406526275e-314,6000000385
"RIL_170(SC56*TX7000)-F10",12,6,13,"154","E",NA,"",2.96439406526275e-314,6000000385
"RIL_170(SC56*TX7000)-F10",45,5,10,"154","W",NA,"",2.96439406526275e-314,6000000385
"RIL_170(SC56*TX7000)-F10",45,5,11,"154","E",NA,"",2.96439406526275e-314,6000000385
"RIL_171(SC56*TX7000)-F10",14,4,8,"155","W",NA,"",2.96439406575682e-314,6000000386
"RIL_171(SC56*TX7000)-F10",14,4,9,"155","E",NA,"",2.96439406575682e-314,6000000386
"RIL_171(SC56*TX7000)-F10",32,5,10,"155","W",NA,"",2.96439406575682e-314,6000000386
"RIL_171(SC56*TX7000)-F10",32,5,11,"155","E",NA,"",2.96439406575682e-314,6000000386
"RIL_172(SC56*TX7000)-F10",13,5,10,"156","W",NA,"",2.96439406625088e-314,6000000387
"RIL_172(SC56*TX7000)-F10",13,5,11,"156","E",NA,"",2.96439406625088e-314,6000000387
"RIL_172(SC56*TX7000)-F10",44,2,4,"156","W",NA,"",2.96439406625088e-314,6000000387
"RIL_172(SC56*TX7000)-F10",44,2,5,"156","E",NA,"",2.96439406625088e-314,6000000387
"RIL_173(SC56*TX7000)-F10",25,4,8,"157","W",NA,"",2.96439406674495e-314,6000000388
"RIL_173(SC56*TX7000)-F10",25,4,9,"157","E",NA,"",2.96439406674495e-314,6000000388
"RIL_173(SC56*TX7000)-F10",40,4,8,"157","W",NA,"",2.96439406674495e-314,6000000388
"RIL_173(SC56*TX7000)-F10",40,4,9,"157","E",NA,"",2.96439406674495e-314,6000000388
"RIL_175(SC56*TX7000)-F10",8,3,6,"158","W",NA,"",2.96439406723902e-314,6000000389
"RIL_175(SC56*TX7000)-F10",8,3,7,"158","E",NA,"",2.96439406723902e-314,6000000389
"RIL_175(SC56*TX7000)-F10",29,5,10,"158","W",NA,"",2.96439406723902e-314,6000000389
"RIL_175(SC56*TX7000)-F10",29,5,11,"158","E",NA,"",2.96439406723902e-314,6000000389
"RIL_176(SC56*TX7000)-F10",20,6,12,"159","W",NA,"",2.96439406773308e-314,6000000390
"RIL_176(SC56*TX7000)-F10",20,6,13,"159","E",NA,"",2.96439406773308e-314,6000000390
"RIL_176(SC56*TX7000)-F10",41,2,4,"159","W",NA,"",2.96439406773308e-314,6000000390
"RIL_176(SC56*TX7000)-F10",41,2,5,"159","E",NA,"",2.96439406773308e-314,6000000390
"RIL_177(SC56*TX7000)-F10",27,7,14,"160","W",NA,"",2.96439406822715e-314,6000000391
"RIL_177(SC56*TX7000)-F10",27,7,15,"160","E",NA,"",2.96439406822715e-314,6000000391
"RIL_177(SC56*TX7000)-F10",31,3,6,"160","W",NA,"",2.96439406822715e-314,6000000391
"RIL_177(SC56*TX7000)-F10",31,3,7,"160","E",NA,"",2.96439406822715e-314,6000000391
"RIL_178(SC56*TX7000)-F10",27,5,10,"161","W",NA,"",2.96439406872121e-314,6000000392
"RIL_178(SC56*TX7000)-F10",27,5,11,"161","E",NA,"",2.96439406872121e-314,6000000392
"RIL_178(SC56*TX7000)-F10",34,1,2,"161","W",NA,"",2.96439406872121e-314,6000000392
"RIL_178(SC56*TX7000)-F10",34,1,3,"161","E",NA,"",2.96439406872121e-314,6000000392
"RIL_179(SC56*TX7000)-F10",8,1,2,"162","W",NA,"",2.96439406921528e-314,6000000393
"RIL_179(SC56*TX7000)-F10",8,1,3,"162","E",NA,"",2.96439406921528e-314,6000000393
"RIL_179(SC56*TX7000)-F10",31,6,12,"162","W",NA,"",2.96439406921528e-314,6000000393
"RIL_179(SC56*TX7000)-F10",31,6,13,"162","E",NA,"",2.96439406921528e-314,6000000393
"RIL_18(SC56*TX7000)-F10",14,6,12,"12","W",NA,"",2.96439399806983e-314,6000000249
"RIL_18(SC56*TX7000)-F10",14,6,13,"12","E",NA,"",2.96439399806983e-314,6000000249
"RIL_18(SC56*TX7000)-F10",46,1,2,"12","W",NA,"",2.96439399806983e-314,6000000249
"RIL_18(SC56*TX7000)-F10",46,1,3,"12","E",NA,"",2.96439399806983e-314,6000000249
"RIL_180(SC56*TX7000)-F10",17,7,14,"163","W",NA,"",2.96439406970934e-314,6000000394
"RIL_180(SC56*TX7000)-F10",17,7,15,"163","E",NA,"",2.96439406970934e-314,6000000394
"RIL_180(SC56*TX7000)-F10",47,2,4,"163","W",NA,"",2.96439406970934e-314,6000000394
"RIL_180(SC56*TX7000)-F10",47,2,5,"163","E",NA,"",2.96439406970934e-314,6000000394
"RIL_181(SC56*TX7000)-F10",20,1,2,"164","W",NA,"",2.96439407020341e-314,6000000395
"RIL_181(SC56*TX7000)-F10",20,1,3,"164","E",NA,"",2.96439407020341e-314,6000000395
"RIL_181(SC56*TX7000)-F10",32,2,4,"164","W",NA,"",2.96439407020341e-314,6000000395
"RIL_181(SC56*TX7000)-F10",32,2,5,"164","E",NA,"",2.96439407020341e-314,6000000395
"RIL_182(SC56*TX7000)-F10",10,6,12,"165","W",NA,"",2.96439407069748e-314,6000000396
"RIL_182(SC56*TX7000)-F10",10,6,13,"165","E",NA,"",2.96439407069748e-314,6000000396
"RIL_182(SC56*TX7000)-F10",38,6,12,"165","W",NA,"",2.96439407069748e-314,6000000396
"RIL_182(SC56*TX7000)-F10",38,6,13,"165","E",NA,"",2.96439407069748e-314,6000000396
"RIL_183(SC56*TX7000)-F10",7,5,10,"166","W",NA,"",2.96439407119154e-314,6000000397
"RIL_183(SC56*TX7000)-F10",7,5,11,"166","E",NA,"",2.96439407119154e-314,6000000397
"RIL_183(SC56*TX7000)-F10",51,2,4,"166","W",NA,"",2.96439407119154e-314,6000000397
"RIL_183(SC56*TX7000)-F10",51,2,5,"166","E",NA,"",2.96439407119154e-314,6000000397
"RIL_185(SC56*TX7000)-F10",19,5,10,"167","W",NA,"",2.96439407168561e-314,6000000398
"RIL_185(SC56*TX7000)-F10",19,5,11,"167","E",NA,"",2.96439407168561e-314,6000000398
"RIL_185(SC56*TX7000)-F10",48,5,10,"167","W",NA,"",2.96439407168561e-314,6000000398
"RIL_185(SC56*TX7000)-F10",48,5,11,"167","E",NA,"",2.96439407168561e-314,6000000398
"RIL_186(SC56*TX7000)-F10",21,2,4,"168","W",NA,"",2.96439407217967e-314,6000000399
"RIL_186(SC56*TX7000)-F10",21,2,5,"168","E",NA,"",2.96439407217967e-314,6000000399
"RIL_186(SC56*TX7000)-F10",46,4,8,"168","W",NA,"",2.96439407217967e-314,6000000399
"RIL_186(SC56*TX7000)-F10",46,4,9,"168","E",NA,"",2.96439407217967e-314,6000000399
"RIL_187(SC56*TX7000)-F10",6,7,14,"169","W",NA,"",2.96439407267374e-314,6000000400
"RIL_187(SC56*TX7000)-F10",6,7,15,"169","E",NA,"",2.96439407267374e-314,6000000400
"RIL_187(SC56*TX7000)-F10",39,6,12,"169","W",NA,"",2.96439407267374e-314,6000000400
"RIL_187(SC56*TX7000)-F10",39,6,13,"169","E",NA,"",2.96439407267374e-314,6000000400
"RIL_188(SC56*TX7000)-F10",4,6,12,"170","W",NA,"",2.9643940731678e-314,6000000401
"RIL_188(SC56*TX7000)-F10",4,6,13,"170","E",NA,"",2.9643940731678e-314,6000000401
"RIL_188(SC56*TX7000)-F10",50,2,4,"170","W",NA,"",2.9643940731678e-314,6000000401
"RIL_188(SC56*TX7000)-F10",50,2,5,"170","E",NA,"",2.9643940731678e-314,6000000401
"RIL_189(SC56*TX7000)-F10",11,1,2,"171","W",NA,"",2.96439407366187e-314,6000000402
"RIL_189(SC56*TX7000)-F10",11,1,3,"171","E",NA,"",2.96439407366187e-314,6000000402
"RIL_189(SC56*TX7000)-F10",48,6,12,"171","W",NA,"",2.96439407366187e-314,6000000402
"RIL_189(SC56*TX7000)-F10",48,6,13,"171","E",NA,"",2.96439407366187e-314,6000000402
"RIL_19(SC56*TX7000)-F10",26,6,12,"13","W",NA,"",2.96439399856389e-314,6000000250
"RIL_19(SC56*TX7000)-F10",26,6,13,"13","E",NA,"",2.96439399856389e-314,6000000250
"RIL_19(SC56*TX7000)-F10",42,7,14,"13","W",NA,"",2.96439399856389e-314,6000000250
"RIL_19(SC56*TX7000)-F10",42,7,15,"13","E",NA,"",2.96439399856389e-314,6000000250
"RIL_190(SC56*TX7000)-F10",10,5,10,"172","W",NA,"",2.96439407415593e-314,6000000403
"RIL_190(SC56*TX7000)-F10",10,5,11,"172","E",NA,"",2.96439407415593e-314,6000000403
"RIL_190(SC56*TX7000)-F10",28,4,8,"172","W",NA,"",2.96439407415593e-314,6000000403
"RIL_190(SC56*TX7000)-F10",28,4,9,"172","E",NA,"",2.96439407415593e-314,6000000403
"RIL_194(SC56*TX7000)-F10",24,7,14,"119","W",NA,"",2.96439407860253e-314,6000000412
"RIL_194(SC56*TX7000)-F10",24,7,15,"119","E",NA,"",2.96439407860253e-314,6000000412
"RIL_194(SC56*TX7000)-F10",31,7,14,"119","W",NA,"",2.96439407860253e-314,6000000412
"RIL_194(SC56*TX7000)-F10",31,7,15,"119","E",NA,"",2.96439407860253e-314,6000000412
"RIL_20(SC56*TX7000)-F10",26,1,2,"14","W",NA,"",2.96439399905796e-314,6000000251
"RIL_20(SC56*TX7000)-F10",26,1,3,"14","E",NA,"",2.96439399905796e-314,6000000251
"RIL_20(SC56*TX7000)-F10",46,5,10,"14","W",NA,"",2.96439399905796e-314,6000000251
"RIL_20(SC56*TX7000)-F10",46,5,11,"14","E",NA,"",2.96439399905796e-314,6000000251
"RIL_21(SC56*TX7000)-F10",9,7,14,"15","W",NA,"",2.96439399955202e-314,6000000252
"RIL_21(SC56*TX7000)-F10",9,7,15,"15","E",NA,"",2.96439399955202e-314,6000000252
"RIL_21(SC56*TX7000)-F10",42,6,12,"15","W",NA,"",2.96439399955202e-314,6000000252
"RIL_21(SC56*TX7000)-F10",42,6,13,"15","E",NA,"",2.96439399955202e-314,6000000252
"RIL_22(SC56*TX7000)-F10",18,3,6,"16","W",NA,"",2.96439400004609e-314,6000000253
"RIL_22(SC56*TX7000)-F10",18,3,7,"16","E",NA,"",2.96439400004609e-314,6000000253
"RIL_22(SC56*TX7000)-F10",32,7,14,"16","W",NA,"",2.96439400004609e-314,6000000253
"RIL_22(SC56*TX7000)-F10",32,7,15,"16","E",NA,"",2.96439400004609e-314,6000000253
"RIL_23(SC56*TX7000)-F10",26,3,6,"17","W",NA,"",2.96439400054015e-314,6000000254
"RIL_23(SC56*TX7000)-F10",26,3,7,"17","E",NA,"",2.96439400054015e-314,6000000254
"RIL_23(SC56*TX7000)-F10",48,7,14,"17","W",NA,"",2.96439400054015e-314,6000000254
"RIL_23(SC56*TX7000)-F10",48,7,15,"17","E",NA,"",2.96439400054015e-314,6000000254
"RIL_25(SC56*TX7000)-F10",5,1,2,"18","W",NA,"",2.96439400103422e-314,6000000255
"RIL_25(SC56*TX7000)-F10",5,1,3,"18","E",NA,"",2.96439400103422e-314,6000000255
"RIL_25(SC56*TX7000)-F10",35,5,10,"18","W",NA,"",2.96439400103422e-314,6000000255
"RIL_25(SC56*TX7000)-F10",35,5,11,"18","E",NA,"",2.96439400103422e-314,6000000255
"RIL_26(SC56*TX7000)-F10",5,5,10,"19","W",NA,"",2.96439400152828e-314,6000000256
"RIL_26(SC56*TX7000)-F10",5,5,11,"19","E",NA,"",2.96439400152828e-314,6000000256
"RIL_26(SC56*TX7000)-F10",45,2,4,"19","W",NA,"",2.96439400152828e-314,6000000256
"RIL_26(SC56*TX7000)-F10",45,2,5,"19","E",NA,"",2.96439400152828e-314,6000000256
"RIL_27(SC56*TX7000)-F10",14,5,10,"20","W",NA,"",2.96439400202235e-314,6000000257
"RIL_27(SC56*TX7000)-F10",14,5,11,"20","E",NA,"",2.96439400202235e-314,6000000257
"RIL_27(SC56*TX7000)-F10",45,6,12,"20","W",NA,"",2.96439400202235e-314,6000000257
"RIL_27(SC56*TX7000)-F10",45,6,13,"20","E",NA,"",2.96439400202235e-314,6000000257
"RIL_28(SC56*TX7000)-F10",3,7,14,"21","W",NA,"",2.96439400251642e-314,6000000258
"RIL_28(SC56*TX7000)-F10",3,7,15,"21","E",NA,"",2.96439400251642e-314,6000000258
"RIL_28(SC56*TX7000)-F10",40,3,6,"21","W",NA,"",2.96439400251642e-314,6000000258
"RIL_28(SC56*TX7000)-F10",40,3,7,"21","E",NA,"",2.96439400251642e-314,6000000258
"RIL_29(SC56*TX7000)-F10",14,7,14,"22","W",NA,"",2.96439400301048e-314,6000000259
"RIL_29(SC56*TX7000)-F10",14,7,15,"22","E",NA,"",2.96439400301048e-314,6000000259
"RIL_29(SC56*TX7000)-F10",52,1,2,"22","W",NA,"",2.96439400301048e-314,6000000259
"RIL_29(SC56*TX7000)-F10",52,1,3,"22","E",NA,"",2.96439400301048e-314,6000000259
"RIL_3(SC56*TX7000)-F10",23,4,8,"2","W",NA,"",2.96439407514407e-314,6000000405
"RIL_3(SC56*TX7000)-F10",23,4,9,"2","E",NA,"",2.96439407514407e-314,6000000405
"RIL_3(SC56*TX7000)-F10",51,3,6,"2","W",NA,"",2.96439407514407e-314,6000000405
"RIL_3(SC56*TX7000)-F10",51,3,7,"2","E",NA,"",2.96439407514407e-314,6000000405
"RIL_30(SC56*TX7000)-F10",5,6,12,"23","W",NA,"",2.96439400350455e-314,6000000260
"RIL_30(SC56*TX7000)-F10",5,6,13,"23","E",NA,"",2.96439400350455e-314,6000000260
"RIL_30(SC56*TX7000)-F10",49,1,2,"23","W",NA,"",2.96439400350455e-314,6000000260
"RIL_30(SC56*TX7000)-F10",49,1,3,"23","E",NA,"",2.96439400350455e-314,6000000260
"RIL_31(SC56*TX7000)-F10",23,6,12,"24","W",NA,"",2.9643940761322e-314,6000000407
"RIL_31(SC56*TX7000)-F10",23,6,13,"24","E",NA,"",2.9643940761322e-314,6000000407
"RIL_31(SC56*TX7000)-F10",31,1,2,"24","W",NA,"",2.9643940761322e-314,6000000407
"RIL_31(SC56*TX7000)-F10",31,1,3,"24","E",NA,"",2.9643940761322e-314,6000000407
"RIL_32(SC56*TX7000)-F10",9,2,4,"25","W",NA,"",2.96439400399861e-314,6000000261
"RIL_32(SC56*TX7000)-F10",9,2,5,"25","E",NA,"",2.96439400399861e-314,6000000261
"RIL_32(SC56*TX7000)-F10",47,6,12,"25","W",NA,"",2.96439400399861e-314,6000000261
"RIL_32(SC56*TX7000)-F10",47,6,13,"25","E",NA,"",2.96439400399861e-314,6000000261
"RIL_33(SC56*TX7000)-F10",11,5,10,"26","W",NA,"",2.96439400449268e-314,6000000262
"RIL_33(SC56*TX7000)-F10",11,5,11,"26","E",NA,"",2.96439400449268e-314,6000000262
"RIL_33(SC56*TX7000)-F10",52,6,12,"26","W",NA,"",2.96439400449268e-314,6000000262
"RIL_33(SC56*TX7000)-F10",52,6,13,"26","E",NA,"",2.96439400449268e-314,6000000262
"RIL_35(SC56*TX7000)-F10",12,4,8,"27","W",NA,"",2.96439400498674e-314,6000000263
"RIL_35(SC56*TX7000)-F10",12,4,9,"27","E",NA,"",2.96439400498674e-314,6000000263
"RIL_35(SC56*TX7000)-F10",42,5,10,"27","W",NA,"",2.96439400498674e-314,6000000263
"RIL_35(SC56*TX7000)-F10",42,5,11,"27","E",NA,"",2.96439400498674e-314,6000000263
"RIL_36(SC56*TX7000)-F10",27,6,12,"28","W",NA,"",2.96439400548081e-314,6000000264
"RIL_36(SC56*TX7000)-F10",27,6,13,"28","E",NA,"",2.96439400548081e-314,6000000264
"RIL_36(SC56*TX7000)-F10",41,6,12,"28","W",NA,"",2.96439400548081e-314,6000000264
"RIL_36(SC56*TX7000)-F10",41,6,13,"28","E",NA,"",2.96439400548081e-314,6000000264
"RIL_37(SC56*TX7000)-F10",21,1,2,"29","W",NA,"",2.96439407662626e-314,6000000408
"RIL_37(SC56*TX7000)-F10",21,1,3,"29","E",NA,"",2.96439407662626e-314,6000000408
"RIL_37(SC56*TX7000)-F10",44,3,6,"29","W",NA,"",2.96439407662626e-314,6000000408
"RIL_37(SC56*TX7000)-F10",44,3,7,"29","E",NA,"",2.96439407662626e-314,6000000408
"RIL_38(SC56*TX7000)-F10",22,5,10,"30","W",NA,"",2.96439407712033e-314,6000000409
"RIL_38(SC56*TX7000)-F10",22,5,11,"30","E",NA,"",2.96439407712033e-314,6000000409
"RIL_38(SC56*TX7000)-F10",39,7,14,"30","W",NA,"",2.96439407712033e-314,6000000409
"RIL_38(SC56*TX7000)-F10",39,7,15,"30","E",NA,"",2.96439407712033e-314,6000000409
"RIL_39(SC56*TX7000)-F10",12,7,14,"31","W",NA,"",2.96439407761439e-314,6000000410
"RIL_39(SC56*TX7000)-F10",12,7,15,"31","E",NA,"",2.96439407761439e-314,6000000410
"RIL_39(SC56*TX7000)-F10",34,6,12,"31","W",NA,"",2.96439407761439e-314,6000000410
"RIL_39(SC56*TX7000)-F10",34,6,13,"31","E",NA,"",2.96439407761439e-314,6000000410
"RIL_4(SC56*TX7000)-F10",7,3,6,"3","W",NA,"",2.96439407563813e-314,6000000406
"RIL_4(SC56*TX7000)-F10",7,3,7,"3","E",NA,"",2.96439407563813e-314,6000000406
"RIL_4(SC56*TX7000)-F10",48,4,8,"3","W",NA,"",2.96439407563813e-314,6000000406
"RIL_4(SC56*TX7000)-F10",48,4,9,"3","E",NA,"",2.96439407563813e-314,6000000406
"RIL_40(SC56*TX7000)-F10",7,2,4,"32","W",NA,"",2.96439400597488e-314,6000000265
"RIL_40(SC56*TX7000)-F10",7,2,5,"32","E",NA,"",2.96439400597488e-314,6000000265
"RIL_40(SC56*TX7000)-F10",39,5,10,"32","W",NA,"",2.96439400597488e-314,6000000265
"RIL_40(SC56*TX7000)-F10",39,5,11,"32","E",NA,"",2.96439400597488e-314,6000000265
"RIL_41(SC56*TX7000)-F10",9,5,10,"33","W",NA,"",2.96439400646894e-314,6000000266
"RIL_41(SC56*TX7000)-F10",9,5,11,"33","E",NA,"",2.96439400646894e-314,6000000266
"RIL_41(SC56*TX7000)-F10",29,7,14,"33","W",NA,"",2.96439400646894e-314,6000000266
"RIL_41(SC56*TX7000)-F10",29,7,15,"33","E",NA,"",2.96439400646894e-314,6000000266
"RIL_43(SC56*TX7000)-F10",27,2,4,"34","W",NA,"",2.96439400696301e-314,6000000267
"RIL_43(SC56*TX7000)-F10",27,2,5,"34","E",NA,"",2.96439400696301e-314,6000000267
"RIL_43(SC56*TX7000)-F10",33,1,2,"34","W",NA,"",2.96439400696301e-314,6000000267
"RIL_43(SC56*TX7000)-F10",33,1,3,"34","E",NA,"",2.96439400696301e-314,6000000267
"RIL_44(SC56*TX7000)-F10",10,1,2,"35","W",NA,"",2.96439400745707e-314,6000000268
"RIL_44(SC56*TX7000)-F10",10,1,3,"35","E",NA,"",2.96439400745707e-314,6000000268
"RIL_44(SC56*TX7000)-F10",33,7,14,"35","W",NA,"",2.96439400745707e-314,6000000268
"RIL_44(SC56*TX7000)-F10",33,7,15,"35","E",NA,"",2.96439400745707e-314,6000000268
"RIL_45(SC56*TX7000)-F10",21,4,8,"36","W",NA,"",2.96439400795114e-314,6000000269
"RIL_45(SC56*TX7000)-F10",21,4,9,"36","E",NA,"",2.96439400795114e-314,6000000269
"RIL_45(SC56*TX7000)-F10",51,4,8,"36","W",NA,"",2.96439400795114e-314,6000000269
"RIL_45(SC56*TX7000)-F10",51,4,9,"36","E",NA,"",2.96439400795114e-314,6000000269
"RIL_46(SC56*TX7000)-F10",11,7,14,"37","W",NA,"",2.9643940084452e-314,6000000270
"RIL_46(SC56*TX7000)-F10",11,7,15,"37","E",NA,"",2.9643940084452e-314,6000000270
"RIL_46(SC56*TX7000)-F10",43,6,12,"37","W",NA,"",2.9643940084452e-314,6000000270
"RIL_46(SC56*TX7000)-F10",43,6,13,"37","E",NA,"",2.9643940084452e-314,6000000270
"RIL_47(SC56*TX7000)-F10",23,2,4,"38","W",NA,"",2.96439400893927e-314,6000000271
"RIL_47(SC56*TX7000)-F10",23,2,5,"38","E",NA,"",2.96439400893927e-314,6000000271
"RIL_47(SC56*TX7000)-F10",37,1,2,"38","W",NA,"",2.96439400893927e-314,6000000271
"RIL_47(SC56*TX7000)-F10",37,1,3,"38","E",NA,"",2.96439400893927e-314,6000000271
"RIL_48(SC56*TX7000)-F10",23,5,10,"39","W",NA,"",2.96439400943333e-314,6000000272
"RIL_48(SC56*TX7000)-F10",23,5,11,"39","E",NA,"",2.96439400943333e-314,6000000272
"RIL_48(SC56*TX7000)-F10",46,2,4,"39","W",NA,"",2.96439400943333e-314,6000000272
"RIL_48(SC56*TX7000)-F10",46,2,5,"39","E",NA,"",2.96439400943333e-314,6000000272
"RIL_49(SC56*TX7000)-F10",15,5,10,"40","W",NA,"",2.9643940099274e-314,6000000273
"RIL_49(SC56*TX7000)-F10",15,5,11,"40","E",NA,"",2.9643940099274e-314,6000000273
"RIL_49(SC56*TX7000)-F10",48,1,2,"40","W",NA,"",2.9643940099274e-314,6000000273
"RIL_49(SC56*TX7000)-F10",48,1,3,"40","E",NA,"",2.9643940099274e-314,6000000273
"RIL_50(SC56*TX7000)-F10",4,2,4,"41","W",NA,"",2.96439401042147e-314,6000000274
"RIL_50(SC56*TX7000)-F10",4,2,5,"41","E",NA,"",2.96439401042147e-314,6000000274
"RIL_50(SC56*TX7000)-F10",52,7,14,"41","W",NA,"",2.96439401042147e-314,6000000274
"RIL_50(SC56*TX7000)-F10",52,7,15,"41","E",NA,"",2.96439401042147e-314,6000000274
"RIL_51(SC56*TX7000)-F10",26,2,4,"42","W",NA,"",2.96439401091553e-314,6000000275
"RIL_51(SC56*TX7000)-F10",26,2,5,"42","E",NA,"",2.96439401091553e-314,6000000275
"RIL_51(SC56*TX7000)-F10",36,6,12,"42","W",NA,"",2.96439401091553e-314,6000000275
"RIL_51(SC56*TX7000)-F10",36,6,13,"42","E",NA,"",2.96439401091553e-314,6000000275
"RIL_52(SC56*TX7000)-F10",7,7,14,"43","W",NA,"",2.9643940114096e-314,6000000276
"RIL_52(SC56*TX7000)-F10",7,7,15,"43","E",NA,"",2.9643940114096e-314,6000000276
"RIL_52(SC56*TX7000)-F10",28,1,2,"43","W",NA,"",2.9643940114096e-314,6000000276
"RIL_52(SC56*TX7000)-F10",28,1,3,"43","E",NA,"",2.9643940114096e-314,6000000276
"RIL_54(SC56*TX7000)-F10",6,3,6,"44","W",NA,"",2.96439401190366e-314,6000000277
"RIL_54(SC56*TX7000)-F10",6,3,7,"44","E",NA,"",2.96439401190366e-314,6000000277
"RIL_54(SC56*TX7000)-F10",37,6,12,"44","W",NA,"",2.96439401190366e-314,6000000277
"RIL_54(SC56*TX7000)-F10",37,6,13,"44","E",NA,"",2.96439401190366e-314,6000000277
"RIL_55(SC56*TX7000)-F10",3,1,2,"45","W",NA,"",2.96439401239773e-314,6000000278
"RIL_55(SC56*TX7000)-F10",3,1,3,"45","E",NA,"",2.96439401239773e-314,6000000278
"RIL_55(SC56*TX7000)-F10",44,1,2,"45","W",NA,"",2.96439401239773e-314,6000000278
"RIL_55(SC56*TX7000)-F10",44,1,3,"45","E",NA,"",2.96439401239773e-314,6000000278
"RIL_56(SC56*TX7000)-F10",20,3,6,"46","W",NA,"",2.96439401289179e-314,6000000279
"RIL_56(SC56*TX7000)-F10",20,3,7,"46","E",NA,"",2.96439401289179e-314,6000000279
"RIL_56(SC56*TX7000)-F10",33,3,6,"46","W",NA,"",2.96439401289179e-314,6000000279
"RIL_56(SC56*TX7000)-F10",33,3,7,"46","E",NA,"",2.96439401289179e-314,6000000279
"RIL_57(SC56*TX7000)-F10",17,6,12,"47","W",NA,"",2.96439401338586e-314,6000000280
"RIL_57(SC56*TX7000)-F10",17,6,13,"47","E",NA,"",2.96439401338586e-314,6000000280
"RIL_57(SC56*TX7000)-F10",30,1,2,"47","W",NA,"",2.96439401338586e-314,6000000280
"RIL_57(SC56*TX7000)-F10",30,1,3,"47","E",NA,"",2.96439401338586e-314,6000000280
"RIL_59(SC56*TX7000)-F10",15,4,8,"48","W",NA,"",2.96439401387993e-314,6000000281
"RIL_59(SC56*TX7000)-F10",15,4,9,"48","E",NA,"",2.96439401387993e-314,6000000281
"RIL_59(SC56*TX7000)-F10",32,3,6,"48","W",NA,"",2.96439401387993e-314,6000000281
"RIL_59(SC56*TX7000)-F10",32,3,7,"48","E",NA,"",2.96439401387993e-314,6000000281
"RIL_60(SC56*TX7000)-F10",5,7,14,"49","W",NA,"",2.96439401437399e-314,6000000282
"RIL_60(SC56*TX7000)-F10",5,7,15,"49","E",NA,"",2.96439401437399e-314,6000000282
"RIL_60(SC56*TX7000)-F10",41,7,14,"49","W",NA,"",2.96439401437399e-314,6000000282
"RIL_60(SC56*TX7000)-F10",41,7,15,"49","E",NA,"",2.96439401437399e-314,6000000282
"RIL_61(SC56*TX7000)-F10",26,4,8,"50","W",NA,"",2.96439401486806e-314,6000000283
"RIL_61(SC56*TX7000)-F10",26,4,9,"50","E",NA,"",2.96439401486806e-314,6000000283
"RIL_61(SC56*TX7000)-F10",38,4,8,"50","W",NA,"",2.96439401486806e-314,6000000283
"RIL_61(SC56*TX7000)-F10",38,4,9,"50","E",NA,"",2.96439401486806e-314,6000000283
"RIL_62(SC56*TX7000)-F10",19,7,14,"51","W",NA,"",2.96439401536212e-314,6000000284
"RIL_62(SC56*TX7000)-F10",19,7,15,"51","E",NA,"",2.96439401536212e-314,6000000284
"RIL_62(SC56*TX7000)-F10",52,3,6,"51","W",NA,"",2.96439401536212e-314,6000000284
"RIL_62(SC56*TX7000)-F10",52,3,7,"51","E",NA,"",2.96439401536212e-314,6000000284
"RIL_63(SC56*TX7000)-F10",11,6,12,"52","W",NA,"",2.96439401585619e-314,6000000285
"RIL_63(SC56*TX7000)-F10",11,6,13,"52","E",NA,"",2.96439401585619e-314,6000000285
"RIL_63(SC56*TX7000)-F10",41,1,2,"52","W",NA,"",2.96439401585619e-314,6000000285
"RIL_63(SC56*TX7000)-F10",41,1,3,"52","E",NA,"",2.96439401585619e-314,6000000285
"RIL_64(SC56*TX7000)-F10",11,3,6,"53","W",NA,"",2.96439401635025e-314,6000000286
"RIL_64(SC56*TX7000)-F10",11,3,7,"53","E",NA,"",2.96439401635025e-314,6000000286
"RIL_64(SC56*TX7000)-F10",50,3,6,"53","W",NA,"",2.96439401635025e-314,6000000286
"RIL_64(SC56*TX7000)-F10",50,3,7,"53","E",NA,"",2.96439401635025e-314,6000000286
"RIL_65(SC56*TX7000)-F10",22,4,8,"54","W",NA,"",2.96439401684432e-314,6000000287
"RIL_65(SC56*TX7000)-F10",22,4,9,"54","E",NA,"",2.96439401684432e-314,6000000287
"RIL_65(SC56*TX7000)-F10",36,1,2,"54","W",NA,"",2.96439401684432e-314,6000000287
"RIL_65(SC56*TX7000)-F10",36,1,3,"54","E",NA,"",2.96439401684432e-314,6000000287
"RIL_66(SC56*TX7000)-F10",24,3,6,"55","W",NA,"",2.96439401733839e-314,6000000288
"RIL_66(SC56*TX7000)-F10",24,3,7,"55","E",NA,"",2.96439401733839e-314,6000000288
"RIL_66(SC56*TX7000)-F10",29,3,6,"55","W",NA,"",2.96439401733839e-314,6000000288
"RIL_66(SC56*TX7000)-F10",29,3,7,"55","E",NA,"",2.96439401733839e-314,6000000288
"RIL_67(SC56*TX7000)-F10",8,4,8,"56","W",NA,"",2.96439401783245e-314,6000000289
"RIL_67(SC56*TX7000)-F10",8,4,9,"56","E",NA,"",2.96439401783245e-314,6000000289
"RIL_67(SC56*TX7000)-F10",39,3,6,"56","W",NA,"",2.96439401783245e-314,6000000289
"RIL_67(SC56*TX7000)-F10",39,3,7,"56","E",NA,"",2.96439401783245e-314,6000000289
"RIL_69(SC56*TX7000)-F10",17,3,6,"57","W",NA,"",2.96439401832652e-314,6000000290
"RIL_69(SC56*TX7000)-F10",17,3,7,"57","E",NA,"",2.96439401832652e-314,6000000290
"RIL_69(SC56*TX7000)-F10",48,2,4,"57","W",NA,"",2.96439401832652e-314,6000000290
"RIL_69(SC56*TX7000)-F10",48,2,5,"57","E",NA,"",2.96439401832652e-314,6000000290
"RIL_70(SC56*TX7000)-F10",5,4,8,"58","W",NA,"",2.96439401882058e-314,6000000291
"RIL_70(SC56*TX7000)-F10",5,4,9,"58","E",NA,"",2.96439401882058e-314,6000000291
"RIL_70(SC56*TX7000)-F10",40,2,4,"58","W",NA,"",2.96439401882058e-314,6000000291
"RIL_70(SC56*TX7000)-F10",40,2,5,"58","E",NA,"",2.96439401882058e-314,6000000291
"RIL_71(SC56*TX7000)-F10",13,3,6,"59","W",NA,"",2.96439401931465e-314,6000000292
"RIL_71(SC56*TX7000)-F10",13,3,7,"59","E",NA,"",2.96439401931465e-314,6000000292
"RIL_71(SC56*TX7000)-F10",35,2,4,"59","W",NA,"",2.96439401931465e-314,6000000292
"RIL_71(SC56*TX7000)-F10",35,2,5,"59","E",NA,"",2.96439401931465e-314,6000000292
"RIL_72(SC56*TX7000)-F10",3,6,12,"60","W",NA,"",2.96439401980871e-314,6000000293
"RIL_72(SC56*TX7000)-F10",3,6,13,"60","E",NA,"",2.96439401980871e-314,6000000293
"RIL_72(SC56*TX7000)-F10",45,4,8,"60","W",NA,"",2.96439401980871e-314,6000000293
"RIL_72(SC56*TX7000)-F10",45,4,9,"60","E",NA,"",2.96439401980871e-314,6000000293
"RIL_73(SC56*TX7000)-F10",4,5,10,"61","W",NA,"",2.96439402030278e-314,6000000294
"RIL_73(SC56*TX7000)-F10",4,5,11,"61","E",NA,"",2.96439402030278e-314,6000000294
"RIL_73(SC56*TX7000)-F10",51,1,2,"61","W",NA,"",2.96439402030278e-314,6000000294
"RIL_73(SC56*TX7000)-F10",51,1,3,"61","E",NA,"",2.96439402030278e-314,6000000294
"RIL_74(SC56*TX7000)-F10",7,1,2,"62","W",NA,"",2.96439402079684e-314,6000000295
"RIL_74(SC56*TX7000)-F10",7,1,3,"62","E",NA,"",2.96439402079684e-314,6000000295
"RIL_74(SC56*TX7000)-F10",47,3,6,"62","W",NA,"",2.96439402079684e-314,6000000295
"RIL_74(SC56*TX7000)-F10",47,3,7,"62","E",NA,"",2.96439402079684e-314,6000000295
"RIL_75(SC56*TX7000)-F10",5,3,6,"63","W",NA,"",2.96439402129091e-314,6000000296
"RIL_75(SC56*TX7000)-F10",5,3,7,"63","E",NA,"",2.96439402129091e-314,6000000296
"RIL_75(SC56*TX7000)-F10",51,6,12,"63","W",NA,"",2.96439402129091e-314,6000000296
"RIL_75(SC56*TX7000)-F10",51,6,13,"63","E",NA,"",2.96439402129091e-314,6000000296
"RIL_76(SC56*TX7000)-F10",23,3,6,"64","W",NA,"",2.96439402178498e-314,6000000297
"RIL_76(SC56*TX7000)-F10",23,3,7,"64","E",NA,"",2.96439402178498e-314,6000000297
"RIL_76(SC56*TX7000)-F10",32,4,8,"64","W",NA,"",2.96439402178498e-314,6000000297
"RIL_76(SC56*TX7000)-F10",32,4,9,"64","E",NA,"",2.96439402178498e-314,6000000297
"RIL_77(SC56*TX7000)-F10",27,1,2,"65","W",NA,"",2.96439402227904e-314,6000000298
"RIL_77(SC56*TX7000)-F10",27,1,3,"65","E",NA,"",2.96439402227904e-314,6000000298
"RIL_77(SC56*TX7000)-F10",45,3,6,"65","W",NA,"",2.96439402227904e-314,6000000298
"RIL_77(SC56*TX7000)-F10",45,3,7,"65","E",NA,"",2.96439402227904e-314,6000000298
"RIL_78(SC56*TX7000)-F10",12,2,4,"66","W",NA,"",2.96439402277311e-314,6000000299
"RIL_78(SC56*TX7000)-F10",12,2,5,"66","E",NA,"",2.96439402277311e-314,6000000299
"RIL_78(SC56*TX7000)-F10",46,6,12,"66","W",NA,"",2.96439402277311e-314,6000000299
"RIL_78(SC56*TX7000)-F10",46,6,13,"66","E",NA,"",2.96439402277311e-314,6000000299
"RIL_79(SC56*TX7000)-F10",16,4,8,"67","W",NA,"",2.96439402326717e-314,6000000300
"RIL_79(SC56*TX7000)-F10",16,4,9,"67","E",NA,"",2.96439402326717e-314,6000000300
"RIL_79(SC56*TX7000)-F10",40,7,14,"67","W",NA,"",2.96439402326717e-314,6000000300
"RIL_79(SC56*TX7000)-F10",40,7,15,"67","E",NA,"",2.96439402326717e-314,6000000300
"RIL_80(SC56*TX7000)-F10",21,3,6,"68","W",NA,"",2.96439402376124e-314,6000000301
"RIL_80(SC56*TX7000)-F10",21,3,7,"68","E",NA,"",2.96439402376124e-314,6000000301
"RIL_80(SC56*TX7000)-F10",33,4,8,"68","W",NA,"",2.96439402376124e-314,6000000301
"RIL_80(SC56*TX7000)-F10",33,4,9,"68","E",NA,"",2.96439402376124e-314,6000000301
"RIL_81(SC56*TX7000)-F10",11,2,4,"69","W",NA,"",2.9643940242553e-314,6000000302
"RIL_81(SC56*TX7000)-F10",11,2,5,"69","E",NA,"",2.9643940242553e-314,6000000302
"RIL_81(SC56*TX7000)-F10",28,3,6,"69","W",NA,"",2.9643940242553e-314,6000000302
"RIL_81(SC56*TX7000)-F10",28,3,7,"69","E",NA,"",2.9643940242553e-314,6000000302
"RIL_82(SC56*TX7000)-F10",14,2,4,"70","W",NA,"",2.96439402474937e-314,6000000303
"RIL_82(SC56*TX7000)-F10",14,2,5,"70","E",NA,"",2.96439402474937e-314,6000000303
"RIL_82(SC56*TX7000)-F10",35,3,6,"70","W",NA,"",2.96439402474937e-314,6000000303
"RIL_82(SC56*TX7000)-F10",35,3,7,"70","E",NA,"",2.96439402474937e-314,6000000303
"RIL_83(SC56*TX7000)-F10",12,3,6,"71","W",NA,"",2.96439402524344e-314,6000000304
"RIL_83(SC56*TX7000)-F10",12,3,7,"71","E",NA,"",2.96439402524344e-314,6000000304
"RIL_83(SC56*TX7000)-F10",30,7,14,"71","W",NA,"",2.96439402524344e-314,6000000304
"RIL_83(SC56*TX7000)-F10",30,7,15,"71","E",NA,"",2.96439402524344e-314,6000000304
"RIL_84(SC56*TX7000)-F10",17,4,8,"72","W",NA,"",2.9643940257375e-314,6000000305
"RIL_84(SC56*TX7000)-F10",17,4,9,"72","E",NA,"",2.9643940257375e-314,6000000305
"RIL_84(SC56*TX7000)-F10",43,3,6,"72","W",NA,"",2.9643940257375e-314,6000000305
"RIL_84(SC56*TX7000)-F10",43,3,7,"72","E",NA,"",2.9643940257375e-314,6000000305
"RIL_85(SC56*TX7000)-F10",20,7,14,"73","W",NA,"",2.96439402623157e-314,6000000306
"RIL_85(SC56*TX7000)-F10",20,7,15,"73","E",NA,"",2.96439402623157e-314,6000000306
"RIL_85(SC56*TX7000)-F10",30,6,12,"73","W",NA,"",2.96439402623157e-314,6000000306
"RIL_85(SC56*TX7000)-F10",30,6,13,"73","E",NA,"",2.96439402623157e-314,6000000306
"RIL_86(SC56*TX7000)-F10",17,5,10,"74","W",NA,"",2.96439402672563e-314,6000000307
"RIL_86(SC56*TX7000)-F10",17,5,11,"74","E",NA,"",2.96439402672563e-314,6000000307
"RIL_86(SC56*TX7000)-F10",31,4,8,"74","W",NA,"",2.96439402672563e-314,6000000307
"RIL_86(SC56*TX7000)-F10",31,4,9,"74","E",NA,"",2.96439402672563e-314,6000000307
"RIL_87(SC56*TX7000)-F10",25,1,2,"75","W",NA,"",2.9643940272197e-314,6000000308
"RIL_87(SC56*TX7000)-F10",25,1,3,"75","E",NA,"",2.9643940272197e-314,6000000308
"RIL_87(SC56*TX7000)-F10",43,5,10,"75","W",NA,"",2.9643940272197e-314,6000000308
"RIL_87(SC56*TX7000)-F10",43,5,11,"75","E",NA,"",2.9643940272197e-314,6000000308
"RIL_88(SC56*TX7000)-F10",22,1,2,"76","W",NA,"",2.96439402771376e-314,6000000309
"RIL_88(SC56*TX7000)-F10",22,1,3,"76","E",NA,"",2.96439402771376e-314,6000000309
"RIL_88(SC56*TX7000)-F10",28,6,12,"76","W",NA,"",2.96439402771376e-314,6000000309
"RIL_88(SC56*TX7000)-F10",28,6,13,"76","E",NA,"",2.96439402771376e-314,6000000309
"RIL_89(SC56*TX7000)-F10",25,7,14,"77","W",NA,"",2.96439402820783e-314,6000000310
"RIL_89(SC56*TX7000)-F10",25,7,15,"77","E",NA,"",2.96439402820783e-314,6000000310
"RIL_89(SC56*TX7000)-F10",52,2,4,"77","W",NA,"",2.96439402820783e-314,6000000310
"RIL_89(SC56*TX7000)-F10",52,2,5,"77","E",NA,"",2.96439402820783e-314,6000000310
"RIL_9(SC56*TX7000)-F10",4,1,2,"4","W",NA,"",2.9643939941173e-314,6000000241
"RIL_9(SC56*TX7000)-F10",4,1,3,"4","E",NA,"",2.9643939941173e-314,6000000241
"RIL_9(SC56*TX7000)-F10",36,3,6,"4","W",NA,"",2.9643939941173e-314,6000000241
"RIL_9(SC56*TX7000)-F10",36,3,7,"4","E",NA,"",2.9643939941173e-314,6000000241
"RIL_90(SC56*TX7000)-F10",22,3,6,"78","W",NA,"",2.9643940287019e-314,6000000311
"RIL_90(SC56*TX7000)-F10",22,3,7,"78","E",NA,"",2.9643940287019e-314,6000000311
"RIL_90(SC56*TX7000)-F10",43,1,2,"78","W",NA,"",2.9643940287019e-314,6000000311
"RIL_90(SC56*TX7000)-F10",43,1,3,"78","E",NA,"",2.9643940287019e-314,6000000311
"RIL_91(SC56*TX7000)-F10",24,1,2,"79","W",NA,"",2.96439402919596e-314,6000000312
"RIL_91(SC56*TX7000)-F10",24,1,3,"79","E",NA,"",2.96439402919596e-314,6000000312
"RIL_91(SC56*TX7000)-F10",45,7,14,"79","W",NA,"",2.96439402919596e-314,6000000312
"RIL_91(SC56*TX7000)-F10",45,7,15,"79","E",NA,"",2.96439402919596e-314,6000000312
"RIL_92(SC56*TX7000)-F10",6,5,10,"80","W",NA,"",2.96439402969003e-314,6000000313
"RIL_92(SC56*TX7000)-F10",6,5,11,"80","E",NA,"",2.96439402969003e-314,6000000313
"RIL_92(SC56*TX7000)-F10",43,7,14,"80","W",NA,"",2.96439402969003e-314,6000000313
"RIL_92(SC56*TX7000)-F10",43,7,15,"80","E",NA,"",2.96439402969003e-314,6000000313
"RIL_93(SC56*TX7000)-F10",27,4,8,"81","W",NA,"",2.96439403018409e-314,6000000314
"RIL_93(SC56*TX7000)-F10",27,4,9,"81","E",NA,"",2.96439403018409e-314,6000000314
"RIL_93(SC56*TX7000)-F10",44,5,10,"81","W",NA,"",2.96439403018409e-314,6000000314
"RIL_93(SC56*TX7000)-F10",44,5,11,"81","E",NA,"",2.96439403018409e-314,6000000314
"RIL_94(SC56*TX7000)-F10",7,6,12,"82","W",NA,"",2.96439403067816e-314,6000000315
"RIL_94(SC56*TX7000)-F10",7,6,13,"82","E",NA,"",2.96439403067816e-314,6000000315
"RIL_94(SC56*TX7000)-F10",33,2,4,"82","W",NA,"",2.96439403067816e-314,6000000315
"RIL_94(SC56*TX7000)-F10",33,2,5,"82","E",NA,"",2.96439403067816e-314,6000000315
"RIL_95(SC56*TX7000)-F10",19,1,2,"83","W",NA,"",2.96439403117222e-314,6000000316
"RIL_95(SC56*TX7000)-F10",19,1,3,"83","E",NA,"",2.96439403117222e-314,6000000316
"RIL_95(SC56*TX7000)-F10",38,2,4,"83","W",NA,"",2.96439403117222e-314,6000000316
"RIL_95(SC56*TX7000)-F10",38,2,5,"83","E",NA,"",2.96439403117222e-314,6000000316
"RIL_96(SC56*TX7000)-F10",16,5,10,"84","W",NA,"",2.96439403166629e-314,6000000317
"RIL_96(SC56*TX7000)-F10",16,5,11,"84","E",NA,"",2.96439403166629e-314,6000000317
"RIL_96(SC56*TX7000)-F10",50,7,14,"84","W",NA,"",2.96439403166629e-314,6000000317
"RIL_96(SC56*TX7000)-F10",50,7,15,"84","E",NA,"",2.96439403166629e-314,6000000317
"RIL_97(SC56*TX7000)-F10",25,3,6,"85","W",NA,"",2.96439403216035e-314,6000000318
"RIL_97(SC56*TX7000)-F10",25,3,7,"85","E",NA,"",2.96439403216035e-314,6000000318
"RIL_97(SC56*TX7000)-F10",37,4,8,"85","W",NA,"",2.96439403216035e-314,6000000318
"RIL_97(SC56*TX7000)-F10",37,4,9,"85","E",NA,"",2.96439403216035e-314,6000000318
"RIL_98(SC56*TX7000)-F10",8,5,10,"86","W",NA,"",2.96439403265442e-314,6000000319
"RIL_98(SC56*TX7000)-F10",8,5,11,"86","E",NA,"",2.96439403265442e-314,6000000319
"RIL_98(SC56*TX7000)-F10",40,6,12,"86","W",NA,"",2.96439403265442e-314,6000000319
"RIL_98(SC56*TX7000)-F10",40,6,13,"86","E",NA,"",2.96439403265442e-314,6000000319
"RIL_99(SC56*TX7000)-F10",16,6,12,"87","W",NA,"",2.96439403314849e-314,6000000320
"RIL_99(SC56*TX7000)-F10",16,6,13,"87","E",NA,"",2.96439403314849e-314,6000000320
"RIL_99(SC56*TX7000)-F10",34,3,6,"87","W",NA,"",2.96439403314849e-314,6000000320
"RIL_99(SC56*TX7000)-F10",34,3,7,"87","E",NA,"",2.96439403314849e-314,6000000320
"SC56-14SC56-14",13,1,2,"175","W",NA,"",2.96439407909659e-314,6000000413
"SC56-14SC56-14",13,1,3,"175","E",NA,"",2.96439407909659e-314,6000000413
"SC56-14SC56-14",28,2,4,"175","W",NA,"",2.96439407909659e-314,6000000413
"SC56-14SC56-14",28,2,5,"175","E",NA,"",2.96439407909659e-314,6000000413
"TX7000TX7000",3,3,6,"174","W",NA,"",2.96439408057879e-314,6000000416
"TX7000TX7000",3,3,7,"174","E",NA,"",2.96439408057879e-314,6000000416
"TX7000TX7000",32,6,12,"174","W",NA,"",2.96439408057879e-314,6000000416
"TX7000TX7000",32,6,13,"174","E",NA,"",2.96439408057879e-314,6000000416
"Ton-a-Milk",1,NA,1,"border","",NA,"#ERROR!",2.96439407959066e-314,6000000414
"Ton-a-Milk",1,1,2,"border","",NA,"",2.96439407959066e-314,6000000414
"Ton-a-Milk",1,1,3,"border","",NA,"",2.96439407959066e-314,6000000414
"Ton-a-Milk",1,2,4,"border","",NA,"",2.96439407959066e-314,6000000414
"Ton-a-Milk",1,2,5,"border","",NA,"",2.96439407959066e-314,6000000414
"Ton-a-Milk",1,3,6,"border","",NA,"",2.96439407959066e-314,6000000414
"Ton-a-Milk",1,3,7,"border","",NA,"",2.96439407959066e-314,6000000414
"Ton-a-Milk",1,4,8,"border","",NA,"",2.96439407959066e-314,6000000414
"Ton-a-Milk",1,4,9,"border","",NA,"",2.96439407959066e-314,6000000414
"Ton-a-Milk",1,5,10,"border","",NA,"",2.96439407959066e-314,6000000414
"Ton-a-Milk",1,5,11,"border","",NA,"",2.96439407959066e-314,6000000414
"Ton-a-Milk",1,6,12,"border","",NA,"",2.96439407959066e-314,6000000414
"Ton-a-Milk",1,6,13,"border","",NA,"",2.96439407959066e-314,6000000414
"Ton-a-Milk",1,7,14,"border","",NA,"",2.96439407959066e-314,6000000414
"Ton-a-Milk",1,7,15,"border","",NA,"",2.96439407959066e-314,6000000414
"Ton-a-Milk",1,NA,16,"border","",NA,"",2.96439407959066e-314,6000000414
"Ton-a-Milk",2,NA,1,"border","",NA,"",2.96439407959066e-314,6000000414
"Ton-a-Milk",2,1,2,"border","W",NA,"",2.96439407959066e-314,6000000414
"Ton-a-Milk",2,1,3,"border","E",NA,"",2.96439407959066e-314,6000000414
"Ton-a-Milk",2,7,14,"border","W",NA,"",2.96439407959066e-314,6000000414
"Ton-a-Milk",2,7,15,"border","E",NA,"",2.96439407959066e-314,6000000414
"Ton-a-Milk",2,NA,16,"border","",NA,"",2.96439407959066e-314,6000000414
"Ton-a-Milk",3,NA,1,"border","",NA,"",2.96439407959066e-314,6000000414
"Ton-a-Milk",3,NA,16,"border","",NA,"",2.96439407959066e-314,6000000414
"Ton-a-Milk",4,NA,1,"border","",NA,"",2.96439407959066e-314,6000000414
"Ton-a-Milk",4,NA,16,"border","",NA,"",2.96439407959066e-314,6000000414
"Ton-a-Milk",5,NA,1,"border","",NA,"",2.96439407959066e-314,6000000414
"Ton-a-Milk",5,NA,16,"border","",NA,"",2.96439407959066e-314,6000000414
"Ton-a-Milk",6,NA,1,"border","",NA,"",2.96439407959066e-314,6000000414
"Ton-a-Milk",6,NA,16,"border","",NA,"",2.96439407959066e-314,6000000414
"Ton-a-Milk",7,NA,1,"border","",NA,"",2.96439407959066e-314,6000000414
"Ton-a-Milk",7,NA,16,"border","",NA,"",2.96439407959066e-314,6000000414
"Ton-a-Milk",8,NA,1,"border","",NA,"",2.96439407959066e-314,6000000414
"Ton-a-Milk",8,NA,16,"border","",NA,"",2.96439407959066e-314,6000000414
"Ton-a-Milk",9,NA,1,"border","",NA,"",2.96439407959066e-314,6000000414
"Ton-a-Milk",9,NA,16,"border","",NA,"",2.96439407959066e-314,6000000414
"Ton-a-Milk",10,NA,1,"border","",NA,"",2.96439407959066e-314,6000000414
"Ton-a-Milk",10,NA,16,"border","",NA,"",2.96439407959066e-314,6000000414
"Ton-a-Milk",11,NA,1,"border","",NA,"",2.96439407959066e-314,6000000414
"Ton-a-Milk",11,NA,16,"border","",NA,"",2.96439407959066e-314,6000000414
"Ton-a-Milk",12,NA,1,"border","",NA,"",2.96439407959066e-314,6000000414
"Ton-a-Milk",12,NA,16,"border","",NA,"",2.96439407959066e-314,6000000414
"Ton-a-Milk",13,NA,1,"border","",NA,"",2.96439407959066e-314,6000000414
"Ton-a-Milk",13,NA,16,"border","",NA,"",2.96439407959066e-314,6000000414
"Ton-a-Milk",14,NA,1,"border","",NA,"",2.96439407959066e-314,6000000414
"Ton-a-Milk",14,NA,16,"border","",NA,"",2.96439407959066e-314,6000000414
"Ton-a-Milk",15,NA,1,"border","",NA,"",2.96439407959066e-314,6000000414
"Ton-a-Milk",15,NA,16,"border","",NA,"",2.96439407959066e-314,6000000414
"Ton-a-Milk",16,NA,1,"border","",NA,"",2.96439407959066e-314,6000000414
"Ton-a-Milk",16,NA,16,"border","",NA,"",2.96439407959066e-314,6000000414
"Ton-a-Milk",17,NA,1,"border","",NA,"",2.96439407959066e-314,6000000414
"Ton-a-Milk",17,NA,16,"border","",NA,"",2.96439407959066e-314,6000000414
"Ton-a-Milk",18,NA,1,"border","",NA,"",2.96439407959066e-314,6000000414
"Ton-a-Milk",18,NA,16,"border","",NA,"",2.96439407959066e-314,6000000414
"Ton-a-Milk",19,NA,1,"border","",NA,"",2.96439407959066e-314,6000000414
"Ton-a-Milk",19,NA,16,"border","",NA,"",2.96439407959066e-314,6000000414
"Ton-a-Milk",20,NA,1,"border","",NA,"",2.96439407959066e-314,6000000414
"Ton-a-Milk",20,NA,16,"border","",NA,"",2.96439407959066e-314,6000000414
"Ton-a-Milk",21,NA,1,"border","",NA,"",2.96439407959066e-314,6000000414
"Ton-a-Milk",21,NA,16,"border","",NA,"",2.96439407959066e-314,6000000414
"Ton-a-Milk",22,NA,1,"border","",NA,"",2.96439407959066e-314,6000000414
"Ton-a-Milk",22,NA,16,"border","",NA,"",2.96439407959066e-314,6000000414
"Ton-a-Milk",23,NA,1,"border","",NA,"",2.96439407959066e-314,6000000414
"Ton-a-Milk",23,NA,16,"border","",NA,"",2.96439407959066e-314,6000000414
"Ton-a-Milk",24,NA,1,"border","",NA,"",2.96439407959066e-314,6000000414
"Ton-a-Milk",24,NA,16,"border","",NA,"",2.96439407959066e-314,6000000414
"Ton-a-Milk",25,NA,1,"border","",NA,"",2.96439407959066e-314,6000000414
"Ton-a-Milk",25,NA,16,"border","",NA,"",2.96439407959066e-314,6000000414
"Ton-a-Milk",26,NA,1,"border","",NA,"",2.96439407959066e-314,6000000414
"Ton-a-Milk",26,NA,16,"border","",NA,"",2.96439407959066e-314,6000000414
"Ton-a-Milk",27,NA,1,"border","",NA,"",2.96439407959066e-314,6000000414
"Ton-a-Milk",27,NA,16,"border","",NA,"",2.96439407959066e-314,6000000414
"Ton-a-Milk",28,NA,1,"border","",NA,"",2.96439407959066e-314,6000000414
"Ton-a-Milk",28,NA,16,"border","",NA,"",2.96439407959066e-314,6000000414
"Ton-a-Milk",29,NA,1,"border","",NA,"",2.96439407959066e-314,6000000414
"Ton-a-Milk",29,NA,16,"border","",NA,"",2.96439407959066e-314,6000000414
"Ton-a-Milk",30,NA,1,"border","",NA,"",2.96439407959066e-314,6000000414
"Ton-a-Milk",30,NA,16,"border","",NA,"",2.96439407959066e-314,6000000414
"Ton-a-Milk",31,NA,1,"border","",NA,"",2.96439407959066e-314,6000000414
"Ton-a-Milk",31,NA,16,"border","",NA,"",2.96439407959066e-314,6000000414
"Ton-a-Milk",32,NA,1,"border","",NA,"",2.96439407959066e-314,6000000414
"Ton-a-Milk",32,NA,16,"border","",NA,"",2.96439407959066e-314,6000000414
"Ton-a-Milk",33,NA,1,"border","",NA,"",2.96439407959066e-314,6000000414
"Ton-a-Milk",33,NA,16,"border","",NA,"",2.96439407959066e-314,6000000414
"Ton-a-Milk",34,NA,1,"border","",NA,"",2.96439407959066e-314,6000000414
"Ton-a-Milk",34,NA,16,"border","",NA,"",2.96439407959066e-314,6000000414
"Ton-a-Milk",35,NA,1,"border","",NA,"",2.96439407959066e-314,6000000414
"Ton-a-Milk",35,NA,16,"border","",NA,"",2.96439407959066e-314,6000000414
"Ton-a-Milk",36,NA,1,"border","",NA,"",2.96439407959066e-314,6000000414
"Ton-a-Milk",36,NA,16,"border","",NA,"",2.96439407959066e-314,6000000414
"Ton-a-Milk",37,NA,1,"border","",NA,"",2.96439407959066e-314,6000000414
"Ton-a-Milk",37,NA,16,"border","",NA,"",2.96439407959066e-314,6000000414
"Ton-a-Milk",38,NA,1,"border","",NA,"",2.96439407959066e-314,6000000414
"Ton-a-Milk",38,NA,16,"border","",NA,"",2.96439407959066e-314,6000000414
"Ton-a-Milk",39,NA,1,"border","",NA,"",2.96439407959066e-314,6000000414
"Ton-a-Milk",39,NA,16,"border","",NA,"",2.96439407959066e-314,6000000414
"Ton-a-Milk",40,NA,1,"border","",NA,"",2.96439407959066e-314,6000000414
"Ton-a-Milk",40,NA,16,"border","",NA,"",2.96439407959066e-314,6000000414
"Ton-a-Milk",41,NA,1,"border","",NA,"",2.96439407959066e-314,6000000414
"Ton-a-Milk",41,NA,16,"border","",NA,"",2.96439407959066e-314,6000000414
"Ton-a-Milk",42,NA,1,"border","",NA,"",2.96439407959066e-314,6000000414
"Ton-a-Milk",42,NA,16,"border","",NA,"",2.96439407959066e-314,6000000414
"Ton-a-Milk",43,NA,1,"border","",NA,"",2.96439407959066e-314,6000000414
"Ton-a-Milk",43,NA,16,"border","",NA,"",2.96439407959066e-314,6000000414
"Ton-a-Milk",44,NA,1,"border","",NA,"",2.96439407959066e-314,6000000414
"Ton-a-Milk",44,NA,16,"border","",NA,"",2.96439407959066e-314,6000000414
"Ton-a-Milk",45,NA,1,"border","",NA,"",2.96439407959066e-314,6000000414
"Ton-a-Milk",45,NA,16,"border","",NA,"",2.96439407959066e-314,6000000414
"Ton-a-Milk",46,NA,1,"border","",NA,"",2.96439407959066e-314,6000000414
"Ton-a-Milk",46,NA,16,"border","",NA,"",2.96439407959066e-314,6000000414
"Ton-a-Milk",47,NA,1,"border","",NA,"",2.96439407959066e-314,6000000414
"Ton-a-Milk",47,NA,16,"border","",NA,"",2.96439407959066e-314,6000000414
"Ton-a-Milk",48,NA,1,"border","",NA,"",2.96439407959066e-314,6000000414
"Ton-a-Milk",48,NA,16,"border","",NA,"",2.96439407959066e-314,6000000414
"Ton-a-Milk",49,NA,1,"border","",NA,"",2.96439407959066e-314,6000000414
"Ton-a-Milk",49,NA,16,"border","",NA,"",2.96439407959066e-314,6000000414
"Ton-a-Milk",50,NA,1,"border","",NA,"",2.96439407959066e-314,6000000414
"Ton-a-Milk",50,NA,16,"border","",NA,"",2.96439407959066e-314,6000000414
"Ton-a-Milk",51,NA,1,"border","",NA,"",2.96439407959066e-314,6000000414
"Ton-a-Milk",51,NA,16,"border","",NA,"",2.96439407959066e-314,6000000414
"Ton-a-Milk",52,NA,1,"border","",NA,"",2.96439407959066e-314,6000000414
"Ton-a-Milk",52,NA,16,"border","",NA,"",2.96439407959066e-314,6000000414
"Ton-a-Milk",53,NA,1,"border","",NA,"",2.96439407959066e-314,6000000414
"Ton-a-Milk",53,1,2,"border","W",NA,"",2.96439407959066e-314,6000000414
"Ton-a-Milk",53,1,3,"border","E",NA,"",2.96439407959066e-314,6000000414
"Ton-a-Milk",53,7,14,"border","W",NA,"",2.96439407959066e-314,6000000414
"Ton-a-Milk",53,7,15,"border","E",NA,"",2.96439407959066e-314,6000000414
"Ton-a-Milk",53,NA,16,"border","",NA,"",2.96439407959066e-314,6000000414
"Ton-a-Milk",54,NA,1,"border","",NA,"",2.96439407959066e-314,6000000414
"Ton-a-Milk",54,1,2,"border","",NA,"",2.96439407959066e-314,6000000414
"Ton-a-Milk",54,1,3,"border","",NA,"",2.96439407959066e-314,6000000414
"Ton-a-Milk",54,2,4,"border","",NA,"",2.96439407959066e-314,6000000414
"Ton-a-Milk",54,2,5,"border","",NA,"",2.96439407959066e-314,6000000414
"Ton-a-Milk",54,3,6,"border","",NA,"",2.96439407959066e-314,6000000414
"Ton-a-Milk",54,3,7,"border","",NA,"",2.96439407959066e-314,6000000414
"Ton-a-Milk",54,4,8,"border","",NA,"",2.96439407959066e-314,6000000414
"Ton-a-Milk",54,4,9,"border","",NA,"",2.96439407959066e-314,6000000414
"Ton-a-Milk",54,5,10,"border","",NA,"",2.96439407959066e-314,6000000414
"Ton-a-Milk",54,5,11,"border","",NA,"",2.96439407959066e-314,6000000414
"Ton-a-Milk",54,6,12,"border","",NA,"",2.96439407959066e-314,6000000414
"Ton-a-Milk",54,6,13,"border","",NA,"",2.96439407959066e-314,6000000414
"Ton-a-Milk",54,7,14,"border","",NA,"",2.96439407959066e-314,6000000414
"Ton-a-Milk",54,7,15,"border","",NA,"",2.96439407959066e-314,6000000414
